user_input,retrieved_contexts,reference_contexts,response,reference,context_recall,llm_context_precision_with_reference,faithfulness,answer_relevancy,answer_correctness
2025년 의료급여 1종 수급권자가 의원(제1차의료급여기관)에서 외래 진료를 받을 때 본인부담금은?,"['선택의료급여기관에서 의뢰된 수급권자는 동일 종별(제2차의료급여기관에서 다른 제2차의료급여기관)로 재의뢰는 할 수 없습니다. 따라서 위와 같은 경우에 다른 제2차의료급여기관의 진료가 필요하다면 선택의료급여기관에서 의료급여의뢰서를 재발급 받아 입원 예정인 제2차의료급여기관에 제출하여야 합니다.\n\n※관련근거:「선택의료급여기관 적용 대상자 및 이용절차 등에 관한 규정 제6조제2항제2호\n\n##### Q26\n\n### 희귀질환 산정특례 대상으로 등록되어 있으면서 제1차의료급여기관이 선택기관 으로 지정된 의료급여수급자인 경우, 의료급여의회서 없이 제2차 또는 제3차의료급여기관에서 의료급여가 적용되나요?\n\n산정특례등록환자라도 제1차의료급여기관을 선택기관으로 지정되어 있는 경우는 선택기관의 의료급여의뢰서를 제출하여야만 제2차의료급여기관에서 진료가 가능하며, 제2차의료급여기관을 거쳐 제3차의료급여기관에서도 진료가 가능합니다.\n\n※관련근거:「선택의료급여기관 적용대상자 및 이용절차 등에 관한 규정,제9조\n\n<div style=""text-align: center;""><img src=""https://pplines-online.bj.bcebos.com/deploy/official/paddleocr/pp-ocr-vl-15//55a07795-1a89-41ed-be78-9ef17bad3f46/markdown_4/imgs/img_in_image_box_74_421_134_453.jpg?authorization=bce-auth-v1%2FALTAKzReLNvew3ySINYJ0fuAMN%2F2026-04-16T21%3A17%3A19Z%2F-1%2F%2F1cf74099a89bcd231ecb4b51eb2577829c070f1ea9eeee5a37941c4944323e62"" alt=""Image"" width=""7%"" /></div>\n\n\n### 제1차의료급여기관이 선택의료급여기관으로 지정된 1종수급권자입니다. 선택의료급여기관에서 진료할 수 없는 질환에 대하여 의료급여의뢰서를 발급받아 다른 병의원에서 진료를 받을 경우 본인부담금은 어떻게 되나요?\n\n선택의료급여기관으로 지정된 제1차의료급여기관에서 진료 받을 경우는 본인부담금이 면제되지만,\n\n의뢰 또는 재의뢰되어 진료 받는 기관에서는 본인부담금이 발생됩니다. (1,000원~2,000원)\n\n※관련근거：「의료급여법 시행령」별표1\n\n##### Q28\n\n### 선택의료급여기관에서 의뢰되어 제2차 또는 제3차의료급여기관에서 진료를 받던 중 선택의료급여기관이 변경되었습니다. 이 경우 변경된 선택의료급여기관으로부터 의뢰서를 다시 발급받아야 하나요?\n\n선택의료급여기관으로부터 의뢰받아 계속하여 진료 중 다른 선택의료급여기관으로 변경된 경우, 동일상병에 대하여 해당진료가 종료될 때까지는 변경된 선택의료급여기관의 의료급여의뢰서 추가 제출 없이 해당 제2 · 3차의료급여기관의 진료를 받을 수 있습니다. 다만, 다른 상병으로 진료를 받을 경우에는 변경된 선택의료급여기관의 진료담당의사의 진료의견이 기재된 의료급여의뢰서를 제출하여야 합니다.', '※관련근거:「선택의료급여기관 적용 대상자 및 이용절차 등에 관한 규정,제6조제2항제2호\n\n##### Q26\n\n### 희귀질환 산정특례 대상으로 등록되어 있으면서 제1차의료급여기관이 선택기관으로 지정된 의료급여수급자인 경우, 의료급여의뢰서 없이 제2차 또는 제3차의료급여기관에서 의료급여가 적용되나요?\n\n산정특례등록환자라도 제1차의료급여기관이 선택기관으로 지정되어 있는 경우는 의료급여 일반적 절차가 아닌 별도의 선택의료급여기관 적용대상자의 절차 규정을 따르게 되므로, 선택기관의 의료급여의뢰서를 제출하여야만 제2차의료급여기관에서 진료가 가능하며 제2차의료급여기관을 거쳐 제3차의료급여기관에서도 진료가 가능합니다.\n\n※관련근거:「선택의료급여기관 적용대상자 및 이용절차 등에 관한 규정,제9조\n\n##### Q27\n\n제1차의료급여기관이 선택의료급여기관으로 지정된 1종수급권자입니다.\n\n선택의료급여기관에서 진료할 수 없는 질환에 대하여 의료급여의뢰서를 발급받아 다른 병의원에서 진료를 받을 경우 본인부담금은 어떻게 되나요?\n\n선택의료급여기관으로 지정된 제1차의료급여기관에서 진료 받을 경우는 본인부담금이 면제되지만,\n\n의뢰 또는 재의뢰되어 진료 받는 기관에서는 본인부담금이 발생됩니다. (1,000원~2,000원)\n\n※관련근거:「의료급여법 시행령 별표1\n\n##### Q28\n\n### 선택의료급여기관에서 의뢰되어 제2차 또는 제3차의료급여기관에서 진료를 받던 중 선택의료급여기관이 변경되었습니다. 이 경우 변경된 선택의료급여기관으로부터 의뢰서를 다시 발급받아야 하나요?\n\n선택의료급여기관으로부터 의뢰받아 계속하여 진료 중 다른 선택의료급여기관으로 변경된 경우, 동일상병에 대하여 해당진료가 종료될 때까지는 변경된 선택의료급여기관의 의료급여의뢰서 추가 제출 없이 해당 제2·3차의료급여기관의 진료를 받을 수 있습니다. 다만, 다른 상병으로 진료를 받을 경우에는 변경된 선택의료급여기관의 진료담당의사의 진료의견이 기재된 의료급여의뢰서를 제출하여야 합니다.\n\n※관련근거: 보건복지부 발간「2026 의료급여사업안내」\n\n04\n\n##### 수가기준 및 청구방법\n\n## 029\n\n#### ‘의료질평가지원금’, ‘전문병원 관리료’, ‘전문병원 의료질평가지원금’ 수가를 건강보험과 동일하게 의료급여수급권자에게 산정할 수 있나요?\n\nA\n\n건강보험 환자와 달리 의료급여수급권자에게는 의료질평가지원금, 전문병원 관리료, 전문병원 의료질평가지원금의 수가를 의료급여비용으로 산정할 수 없습니다.\n\n※관련근거:「의료급여수가의 기준 및 일반기준,제3조제2항\n\n##### Q30\n\n##### 의료급여수급권자에 대한 입원 식대 수가는 건강보험 식대 수가와 동일한가요?\n\n건강보험의 경우는 요양기관 종별에 따라 식대 항목별 단가가 다르나, 의료급여 식대 수가는 종별 구분 없이 항목별(일반식, 치료식 등) 단일 수가 입니다. 또한, 일반식 가산, 치료식 영양관리료 등의 가산수가를 적용하지 않습니다.\n\n※관련근거:「의료급여수가의 기준 및 일반기준,제12조\n\n## 031', '0 의료급여 절차에 의하지 않고(의료급여의뢰서 없이) 의료급여기관을 이용한 경우에는 진료비 전액을 본인이 부담해야 합니다.\n\n<div style=""text-align: center;""><img src=""https://pplines-online.bj.bcebos.com/deploy/official/paddleocr/pp-ocr-vl-15//5b44b8c9-c503-4cdf-b474-9009ab07bc5c/markdown_0/imgs/img_in_image_box_69_462_111_498.jpg?authorization=bce-auth-v1%2FALTAKzReLNvew3ySINYJ0fuAMN%2F2026-04-16T21%3A17%3A54Z%2F-1%2F%2Fcd485bd9f7c43e1c95b14239b7f7fb7b17a1d8c0e9e79c3721fff041eae32eaf"" alt=""Image"" width=""5%"" /></div>\n\n\n## 3단계 의료급여 절차\n\n○ 수급권자가 의료급여를 받고자 하는 경우 먼저 제1차의료급여기관에 의료급여를 신청하여야 합니다.\n\n0 진찰 결과 또는 진료 중에 다른 의료급여기관의 진료가 필요한 경우에는 진료담당의사의 진료의견이 기재된 ‘의료급여의회서’를 제출하여야 합니다.\n\n※ 의료급여의뢰서는 발급받은 날부터 7일(공휴일 제외) 이내에 제2차 또는 제3차의료급여기관에 제출(7일 이내에 진료를 예약하고 진료를 받는 때에 의료급여의뢰서를 제출하는 경우에는 예약접수일을 의료급여의뢰서 제출일로 봄)\n\n0 의료급여를 의뢰받은 의료급여기관은 수급권자의 상태가 호전되는 때에는 ‘의료급여회송서’를 수급권자에게 발급하여 회송할 수 있습니다.\n\n※ 선택의료급여기관 이용자는 해당하지 않음\n\n## 0 의료급여 절차도\n\n<div style=""text-align: center;""><img src=""https://pplines-online.bj.bcebos.com/deploy/official/paddleocr/pp-ocr-vl-15//5b44b8c9-c503-4cdf-b474-9009ab07bc5c/markdown_0/imgs/img_in_image_box_108_881_731_1119.jpg?authorization=bce-auth-v1%2FALTAKzReLNvew3ySINYJ0fuAMN%2F2026-04-16T21%3A17%3A54Z%2F-1%2F%2F06bd1ce400c298d0311d6d0b7c5326120b7f510d1b9c74431c4525ea595472dd"" alt=""Image"" width=""74%"" /></div>\n\n\n## 0의뢰순서\n\n·제1차의료급여기관→제2차의료급여기관\n\n·제2차의료급여기관→제2차의료급여기관 또는 제3차의료급여기관\n\n·제3차의료급여기관→제3차의료급여기관\n\n## 0회송순서\n\n·제3차의료급여기관→제2차의료급여기관 또는 제1차의료급여기관\n\n·제2차의료급여기관→제1차의료급여기관\n\n##### ○의료급여 단계별 진료 예외 사항(의료급여의뢰서 불필요)']","['의료급여기관 이용 시 본인부담률 및 부담액(2025년): 1종 외래 - 1차(의원): 1,000원, 2차(병원·종합병원): 1,500원, 3차(상급종합병원): 2,000원, 약국: 500원, CT·MRI·PET 등: 500원']","2025년 의료급여 1종 수급권자가 의원(제1차의료급여기관)에서 외래 진료를 받을 경우, 본인부담금은 면제됩니다. 이는 선택의료급여기관으로 지정된 제1차의료급여기관에서 진료를 받을 경우 본인부담금이 면제된다는 규정에 근거합니다. 

따라서, 2025년의 경우에는 수급권자가 제1차의료급여기관에서 진료를 받을 때 본인부담금이 발생하지 않으며, 이는 의료급여법 시행령에 명시된 내용입니다.","2025년 의료급여 1종 수급권자가 의원(제1차의료급여기관)에서 외래 진료를 받을 때 본인부담금은 1,000원입니다.",0.0,,0.5,0.44732505048670496,
2025년 65세 이상 1종 수급권자가 틀니를 할 경우 본인부담률은?,"['### Q 47\n\n#### 계약의사가 사회복지시설에 입소 중인 의료급여수급권자에게 진료를 한 경우 산정되는 수가와 본인부담금은 어떻게 되나요?\n\n의료급여기관에 소속된 계약의사가 시설 내에서 진료 후 사회복지시설 입소자에게 원외처방전을 발행하거나 원내 직접조제 · 투약한 경우 건강보험과 동일한 수가를 산정하며, 본인일부부담금은 1 · 2종 수급권자를 불문하고 1,000원~1,500원을 부담합니다. 단, 1종수급권자 중 외래본인부담면제자의 경우 본인부담금을 면제합니다.\n\n※관련근거:「의료급여수가의 기준 및 일반기준제17조의5\n\n##### Q48\n\n##### 의료급여 선별급여 본인부담은 건강보험 선별급여 본인부담과 다른가요?\n\n건강보험과 동일한 30~90% 본인부담률을 적용받습니다.\n\n※관련근거：「의료급여수가의 기준 및 일반기준,제23조의2\n\n### Q 49\n\n## 65세 이상 틀니 진료 시 본인부담률은 어떻게 되나요?\n\n65세 이상 수급권자가 등록된 틀니에 대한 의료급여를 입원 또는 외래에서 받은 경우 본인부담률은 1종수급권자는 5%이며, 2종수급권자는 15%입니다.\n\n※관련근거:「의료급여법 시행령[별표1] 제1호라목, 제2호마목\n\n##### Q50\n\n## 65세 이상 치과 임플란트 진료 시 본인부담률은 어떻게 되나요?\n\n65세 이상 수급권자가 등록된 임플란트에 대한 의료급여를 입원 또는 외래에서 받은 경우 본인부담률은 1종수급권자는 10%, 2종수급권자는 20%입니다.\n\n※관련근거:「의료급여법 시행령[별표1] 제1호마목, 제2호바목\n\n<div style=""text-align: center;""><img src=""https://pplines-online.bj.bcebos.com/deploy/official/paddleocr/pp-ocr-vl-15//408c8f46-7efb-4a37-8b05-80baad1d3bf4/markdown_1/imgs/img_in_image_box_71_580_134_614.jpg?authorization=bce-auth-v1%2FALTAKzReLNvew3ySINYJ0fuAMN%2F2026-04-16T21%3A18%3A11Z%2F-1%2F%2F04f2d69bcf49e04cfa98933d3b601a63af8c0e18510f51ae5bbc2f2c838b4eec"" alt=""Image"" width=""7%"" /></div>\n\n\n##### 의료급여수급권자의 입원 식대 본인부담률은 얼마인가요?\n\n식대 본인부담률은 식대 금액의 20%입니다. 다만, 중증질환자에게 해당 중증질환(합병증 포함)으로 진료한 경우에는 식대 금액의 5%이며 행려환자, 자연분만 및 6세미만의 아동의 입원진료의 경우에는 식대 본인부담금을 면제합니다.\n\n※관련근거:「의료급여법 시행규칙」[별표1의2],「의료급여수가의 기준 및 일반기준]제23조\n\n##### Q52\n\n#### 의료급여 2종수급권자 중 15세 이하 아동이 입원한 경우, 본인부담 적용은 어떻게 되나요?\n\nA\n\n6세 미만의 아동은 식대를 포함한 입원 진료비가 면제 적용됩니다.', ""## 62,3인실 입원료 본인부담률\n\n\n\n<table border=1 style='margin: auto; word-wrap: break-word;'><tr><td style='text-align: center; word-wrap: break-word;'>구분</td><td style='text-align: center; word-wrap: break-word;'>2인실</td><td style='text-align: center; word-wrap: break-word;'>3인실</td></tr><tr><td style='text-align: center; word-wrap: break-word;'>상급종합병원</td><td style='text-align: center; word-wrap: break-word;'>50%</td><td style='text-align: center; word-wrap: break-word;'>40%</td></tr><tr><td style='text-align: center; word-wrap: break-word;'>종합병원·한방병원·정신병원·병원(치과·요양병원* 제외)*의료재활시설은 포함(&#x27;19.11.1.부터)</td><td style='text-align: center; word-wrap: break-word;'>40%</td><td style='text-align: center; word-wrap: break-word;'>30%</td></tr></table>\n\n※ 본인부담 보상제·상한제 해당되지 않음, 2종장애인의 경우 장애인의료비 지원 없음\n\n## 65세 이상 등록된 틀니 및 치과 임플란트 본인부담률\n\n\n\n<table border=1 style='margin: auto; word-wrap: break-word;'><tr><td style='text-align: center; word-wrap: break-word;'>구분</td><td style='text-align: center; word-wrap: break-word;'>틀니</td><td style='text-align: center; word-wrap: break-word;'>임플란트</td></tr><tr><td style='text-align: center; word-wrap: break-word;'>1종</td><td style='text-align: center; word-wrap: break-word;'>5%</td><td style='text-align: center; word-wrap: break-word;'>10%</td></tr><tr><td style='text-align: center; word-wrap: break-word;'>2종</td><td style='text-align: center; word-wrap: break-word;'>15%</td><td style='text-align: center; word-wrap: break-word;'>20%</td></tr></table>""]","['65세 이상 등록된 틀니 및 치과 임플란트 본인부담률(2025년): 1종 - 틀니: 5%, 임플란트: 10% / 2종 - 틀니: 15%, 임플란트: 20% ※본인부담 보상제·상한제 해당되지 않음']","2025년 65세 이상 1종 수급권자가 틀니를 할 경우 본인부담률은 5%입니다. 이는 의료급여법 시행령에 명시된 내용으로, 65세 이상 수급권자가 등록된 틀니에 대한 의료급여를 입원 또는 외래에서 받을 때 적용되는 본인부담률입니다. 

따라서, 1종 수급권자는 틀니 진료에 대해 5%의 본인부담금을 부담하게 됩니다.",2025년 65세 이상 의료급여 1종 수급권자가 틀니를 할 경우 본인부담률은 5%입니다.,1.0,0.99999999995,0.2,0.9814003430142709,0.6487031369153287
2025년 2종 수급권자인 임산부가 자연분만으로 입원할 때 본인부담률은?,"[""## 62,3인실 입원료 본인부담률\n\n\n\n<table border=1 style='margin: auto; word-wrap: break-word;'><tr><td style='text-align: center; word-wrap: break-word;'>구분</td><td style='text-align: center; word-wrap: break-word;'>2인실</td><td style='text-align: center; word-wrap: break-word;'>3인실</td></tr><tr><td style='text-align: center; word-wrap: break-word;'>상급종합병원</td><td style='text-align: center; word-wrap: break-word;'>50%</td><td style='text-align: center; word-wrap: break-word;'>40%</td></tr><tr><td style='text-align: center; word-wrap: break-word;'>종합병원·한방병원·정신병원·병원(치과·요양병원* 제외)*의료재활시설은 포함(&#x27;19.11.1.부터)</td><td style='text-align: center; word-wrap: break-word;'>40%</td><td style='text-align: center; word-wrap: break-word;'>30%</td></tr></table>\n\n※본인부담 보상제·상한제 해당되지 않음,2종장애인의 경우 장애인의료비 지원 없음\n\n## 65세 이상 등록된 들니 및 치과 임플란트 본인부담률\n\n\n\n<table border=1 style='margin: auto; word-wrap: break-word;'><tr><td style='text-align: center; word-wrap: break-word;'>구분</td><td style='text-align: center; word-wrap: break-word;'>틀니</td><td style='text-align: center; word-wrap: break-word;'>임플란트</td></tr><tr><td style='text-align: center; word-wrap: break-word;'>1종</td><td style='text-align: center; word-wrap: break-word;'>5%</td><td style='text-align: center; word-wrap: break-word;'>10%</td></tr><tr><td style='text-align: center; word-wrap: break-word;'>2종</td><td style='text-align: center; word-wrap: break-word;'>15%</td><td style='text-align: center; word-wrap: break-word;'>20%</td></tr></table>"", '## 4인체면역결핍바이러스질환자 관련 진료 본인부담률\n\n0 인체면역결핍바이러스질환자의 해당상병 입원 및 외래진료 : 본인부담 면제\n\n##### 입원 식대 본인부담률\n\n\n\n<table border=1 style=\'margin: auto; word-wrap: break-word;\'><tr><td style=\'text-align: center; word-wrap: break-word;\'>구분</td><td style=\'text-align: center; word-wrap: break-word;\'>본인부담률</td></tr><tr><td style=\'text-align: center; word-wrap: break-word;\'>1종·2종</td><td rowspan=""2"">20%</td></tr><tr><td style=\'text-align: center; word-wrap: break-word;\'>2종장애인</td></tr><tr><td style=\'text-align: center; word-wrap: break-word;\'>중증질환(합병증 포함)</td><td style=\'text-align: center; word-wrap: break-word;\'>5%</td></tr><tr><td style=\'text-align: center; word-wrap: break-word;\'>행려환자, 자연분만, 6세 미만 아동</td><td style=\'text-align: center; word-wrap: break-word;\'>무 료</td></tr></table>\n\n## 62,3인실 입원료 본인부담률', ""## 62,3인실 입원료 본인부담률\n\n\n\n<table border=1 style='margin: auto; word-wrap: break-word;'><tr><td style='text-align: center; word-wrap: break-word;'>구분</td><td style='text-align: center; word-wrap: break-word;'>2인실</td><td style='text-align: center; word-wrap: break-word;'>3인실</td></tr><tr><td style='text-align: center; word-wrap: break-word;'>상급종합병원</td><td style='text-align: center; word-wrap: break-word;'>50%</td><td style='text-align: center; word-wrap: break-word;'>40%</td></tr><tr><td style='text-align: center; word-wrap: break-word;'>종합병원·한방병원·정신병원·병원(치과·요양병원* 제외)*의료재활시설은 포함(&#x27;19.11.1.부터)</td><td style='text-align: center; word-wrap: break-word;'>40%</td><td style='text-align: center; word-wrap: break-word;'>30%</td></tr></table>\n\n※ 본인부담 보상제·상한제 해당되지 않음, 2종장애인의 경우 장애인의료비 지원 없음\n\n## 65세 이상 등록된 틀니 및 치과 임플란트 본인부담률\n\n\n\n<table border=1 style='margin: auto; word-wrap: break-word;'><tr><td style='text-align: center; word-wrap: break-word;'>구분</td><td style='text-align: center; word-wrap: break-word;'>틀니</td><td style='text-align: center; word-wrap: break-word;'>임플란트</td></tr><tr><td style='text-align: center; word-wrap: break-word;'>1종</td><td style='text-align: center; word-wrap: break-word;'>5%</td><td style='text-align: center; word-wrap: break-word;'>10%</td></tr><tr><td style='text-align: center; word-wrap: break-word;'>2종</td><td style='text-align: center; word-wrap: break-word;'>15%</td><td style='text-align: center; word-wrap: break-word;'>20%</td></tr></table>""]","['의료급여 2종 수급권자 임산부 본인부담률(2025년): 입원 - 자연분만: 무료, 제왕절개분만: 무료, 고위험임신부: 5% / 외래 - 임신부(유산·사산 포함): 병원급 이상 5%', '본인부담금 면제자(2025년) 2종: 입원 본인부담 면제자 - 자연분만, 제왕절개분만, 6세 미만 아동']","2025년의 정보에 따르면, 자연분만을 하는 임산자는 본인부담이 면제됩니다. 이는 ""행려환자, 자연분만, 6세 미만 아동""에 해당하는 경우로, 본인부담률이 ""무료""로 명시되어 있습니다. 따라서 2025년 2종 수급권자인 임산부가 자연분만으로 입원할 때 본인부담률은 0%입니다.",2025년 의료급여 2종 수급권자인 임산부가 자연분만으로 입원할 때 본인부담률은 무료(0%)입니다.,1.0,0.49999999995,0.5,0.33657250353544943,0.6923216062235545
2025년 2종 수급권자인 8세 아동이 병원(제2차의료급여기관)에 입원할 때 본인부담률은?,"['#### 의료급여 2종수급권자 중 15세 이하 아동이 입원한 경우, 본인부담 적용은 어떻게 되나요?\n\nA\n\n6세 미만의 아동은 식대를 포함한 입원 진료비가 면제 적용됩니다.\n\n6세 이상 15세 이하 아동인 경우는 입원 본인부담률이 3%이나, 식대 본인부담률은 20%를 적용받습니다.\n\n※관련근거:「의료급여법 시행령」[별표1] 제2호\n\n##### Q53\n\n#### 의료급여 2종수급권자인 18세 이하 아동이 입원진료 중에 치아홈메우기 진료를 시행한 경우, 본인부담 적용은 어떻게 되나요?\n\n치아홈메우기 급여비용을 포함한 전체 급여비용에 대하여 6세 미만 아동은 면제가 되고, 6세 이상 15세 이하 아동은 본인부담률 3%를 적용받습니다. 16세 이상 18세 이하 아동인 경우에는 치아홈메우기 급여비용에 한하여 본인부담률 5%를 적용받습니다.\n\n※관련근거:「의료급여법 시행령][별표1] 제2호\n\n<div style=""text-align: center;""><img src=""https://pplines-online.bj.bcebos.com/deploy/official/paddleocr/pp-ocr-vl-15//408c8f46-7efb-4a37-8b05-80baad1d3bf4/markdown_2/imgs/img_in_image_box_59_393_138_454.jpg?authorization=bce-auth-v1%2FALTAKzReLNvew3ySINYJ0fuAMN%2F2026-04-16T21%3A18%3A11Z%2F-1%2F%2Fc852805d22d4008d97ed3112e4eb0491fc766cfa8fcfcfbc45a5b2b951d82d27"" alt=""Image"" width=""9%"" /></div>\n\n\n##### Q54\n\n##### 본인부담금 보상제 및 상한제는 모든 급여대상 본인부담금 기준으로 보상을 하나요?\n\n본인부담금 보상제 및 상한제는 수급권자의 급여대상 본인부담금이 대통령령에서 정하는 금액을 초과한 경우, 그 초과금액의 전액에 해당하는 금액을 보상해주는 제도입니다. 그러나 비급여대상, 100/100 본인부담 진료비, 65세 이상 치과 틀니 및 임플란트 비용, 상급병실(2 · 3인실) 입원료, 추나요법 및 연장승인 미신청 등으로 인한 본인부담금 등은 지급에서 제외 됩니다.\n\n##### 경증질환 약제비 본인부담 차등제\n\n##### Q55\n\n##### 의료급여 경증질환 약제비 본인부담 차등제도는 건강보험과 동일한가요?\n\n제도의 기본원칙과 적용대상 질환은 동일하나 본인부담률 및 적용제외 대상에서 차이가 있습니다.', '※관련근거:「의료급여법 시행령][별표1] 제1호라목, 제2호마목\n\n#### Q 49\n\n## 65세 이상 치과 임플란트 진료 시 본인부담률은 어떻게 되나요?\n\n65세 이상 수급권자가 등록된 임플란트에 대한 의료급여를 입원 또는 외래에서 받은 경우 본인부담률은 1종수급권자는 10%, 2종수급권자는 20%입니다.\n\n※관련근거:「의료급여법 시행령][별표1] 제1호마목, 제2호바목\n\n<div style=""text-align: center;""><img src=""https://pplines-online.bj.bcebos.com/deploy/official/paddleocr/pp-ocr-vl-15//8a29db69-623b-41e1-9aab-5e9f60d0cdd6/markdown_1/imgs/img_in_image_box_75_582_121_612.jpg?authorization=bce-auth-v1%2FALTAKzReLNvew3ySINYJ0fuAMN%2F2026-04-16T21%3A20%3A27Z%2F-1%2F%2F60884fbca84f199d968e9696f16ebdbd896e6f815e265f7dc19bbebaf701adec"" alt=""Image"" width=""5%"" /></div>\n\n\n##### 의료급여수급권자의 입원 식대 본인부담률은 얼마인가요?\n\n식대 본인부담률은 식대 금액의 20%입니다. 다만, 중증질환자에게 해당 중증질환(합병증 포함)으로 진료한 경우에는 식대 금액의 5%이며 행려환자, 자연분만 및 6세미만의 아동의 입원진료의 경우에는 식대 본인부담금을 면제합니다.\n\n※관련근거:「의료급여법 시행규칙[별표1의2],「의료급여수가의 기준 및 일반기준,제23조\n\n## 051\n\n#### 의료급여 2종수급권자 중 15세 이하 아동이 입원한 경우, 본인부담 적용은 어떻게 되나요?\n\nA\n\n6세 미만의 아동은 식대를 포함한 입원 진료비가 면제 적용됩니다.\n\n6세 이상 15세 이하 아동인 경우는 입원 본인부담률이 3%이나, 식대 본인부담률은 20%를 적용받습니다.\n\n※관련근거:「의료급여법 시행령」[별표1] 제2호\n\n##### Q52\n\n#### 의료급여 2종수급권자인 18세 이하 아동이 입원진료 중에 치아홈메우기 진료를 시행한 경우, 본인부담 적용은 어떻게 되나요?\n\n치아홈메우기 급여비용을 포함한 전체 급여비용에 대하여 6세 미만 아동은  면제가 되고, 6세 이상 15세 이하 아동은 본인부담률 3%를 적용받습니다. 16세 이상 18세 이하 아동인 경우에는 치아홈메우기 급여비용에 한하여 본인부담률 5%를 적용받습니다.\n\n※관련근거:「의료급여법 시행령」[별표1] 제2호\n\n##### Q53\n\n##### 본인부담금 보상제 및 상한제는 모든 급여대상 본인부담금 기준으로 보상을 하나요?', '### Q 47\n\n#### 계약의사가 사회복지시설에 입소 중인 의료급여수급권자에게 진료를 한 경우 산정되는 수가와 본인부담금은 어떻게 되나요?\n\n의료급여기관에 소속된 계약의사가 시설 내에서 진료 후 사회복지시설 입소자에게 원외처방전을 발행하거나 원내 직접조제 · 투약한 경우 건강보험과 동일한 수가를 산정하며, 본인일부부담금은 1 · 2종 수급권자를 불문하고 1,000원~1,500원을 부담합니다. 단, 1종수급권자 중 외래본인부담면제자의 경우 본인부담금을 면제합니다.\n\n※관련근거:「의료급여수가의 기준 및 일반기준제17조의5\n\n##### Q48\n\n##### 의료급여 선별급여 본인부담은 건강보험 선별급여 본인부담과 다른가요?\n\n건강보험과 동일한 30~90% 본인부담률을 적용받습니다.\n\n※관련근거：「의료급여수가의 기준 및 일반기준,제23조의2\n\n### Q 49\n\n## 65세 이상 틀니 진료 시 본인부담률은 어떻게 되나요?\n\n65세 이상 수급권자가 등록된 틀니에 대한 의료급여를 입원 또는 외래에서 받은 경우 본인부담률은 1종수급권자는 5%이며, 2종수급권자는 15%입니다.\n\n※관련근거:「의료급여법 시행령[별표1] 제1호라목, 제2호마목\n\n##### Q50\n\n## 65세 이상 치과 임플란트 진료 시 본인부담률은 어떻게 되나요?\n\n65세 이상 수급권자가 등록된 임플란트에 대한 의료급여를 입원 또는 외래에서 받은 경우 본인부담률은 1종수급권자는 10%, 2종수급권자는 20%입니다.\n\n※관련근거:「의료급여법 시행령[별표1] 제1호마목, 제2호바목\n\n<div style=""text-align: center;""><img src=""https://pplines-online.bj.bcebos.com/deploy/official/paddleocr/pp-ocr-vl-15//408c8f46-7efb-4a37-8b05-80baad1d3bf4/markdown_1/imgs/img_in_image_box_71_580_134_614.jpg?authorization=bce-auth-v1%2FALTAKzReLNvew3ySINYJ0fuAMN%2F2026-04-16T21%3A18%3A11Z%2F-1%2F%2F04f2d69bcf49e04cfa98933d3b601a63af8c0e18510f51ae5bbc2f2c838b4eec"" alt=""Image"" width=""7%"" /></div>\n\n\n##### 의료급여수급권자의 입원 식대 본인부담률은 얼마인가요?\n\n식대 본인부담률은 식대 금액의 20%입니다. 다만, 중증질환자에게 해당 중증질환(합병증 포함)으로 진료한 경우에는 식대 금액의 5%이며 행려환자, 자연분만 및 6세미만의 아동의 입원진료의 경우에는 식대 본인부담금을 면제합니다.\n\n※관련근거:「의료급여법 시행규칙」[별표1의2],「의료급여수가의 기준 및 일반기준]제23조\n\n##### Q52\n\n#### 의료급여 2종수급권자 중 15세 이하 아동이 입원한 경우, 본인부담 적용은 어떻게 되나요?\n\nA\n\n6세 미만의 아동은 식대를 포함한 입원 진료비가 면제 적용됩니다.']","['의료급여 2종수급권자 15세 이하 아동 입원 본인부담률(2025년): 6세 미만 - 무료, 6세 이상~15세 이하 - 3%, 16세 이상~18세 이하 - 5%']","2025년 기준으로, 2종 수급권자인 8세 아동이 병원에 입원할 경우 본인부담률은 다음과 같습니다.

- 6세 이상 15세 이하 아동의 경우, 입원 본인부담률은 3%입니다.
- 식대 본인부담률은 20%입니다.

따라서, 8세 아동은 입원 진료비에 대해 3%의 본인부담률이 적용되며, 식대에 대해서는 20%의 본인부담률이 적용됩니다.

이 정보는 2025년의 의료급여법 시행령에 근거하여 제공되었습니다.",2025년 의료급여 2종 수급권자인 8세 아동이 병원(제2차의료급여기관)에 입원할 때 본인부담률은 3%입니다.,1.0,,0.6666666666666666,0.5633721587392176,
2025년 1종 수급권자가 디스크로 복잡추나를 받을 때 본인부담률은?,"['※관련근거:「의료급여법 시행령][별표1] 제1호라목, 제2호마목\n\n#### Q 49\n\n## 65세 이상 치과 임플란트 진료 시 본인부담률은 어떻게 되나요?\n\n65세 이상 수급권자가 등록된 임플란트에 대한 의료급여를 입원 또는 외래에서 받은 경우 본인부담률은 1종수급권자는 10%, 2종수급권자는 20%입니다.\n\n※관련근거:「의료급여법 시행령][별표1] 제1호마목, 제2호바목\n\n<div style=""text-align: center;""><img src=""https://pplines-online.bj.bcebos.com/deploy/official/paddleocr/pp-ocr-vl-15//8a29db69-623b-41e1-9aab-5e9f60d0cdd6/markdown_1/imgs/img_in_image_box_75_582_121_612.jpg?authorization=bce-auth-v1%2FALTAKzReLNvew3ySINYJ0fuAMN%2F2026-04-16T21%3A20%3A27Z%2F-1%2F%2F60884fbca84f199d968e9696f16ebdbd896e6f815e265f7dc19bbebaf701adec"" alt=""Image"" width=""5%"" /></div>\n\n\n##### 의료급여수급권자의 입원 식대 본인부담률은 얼마인가요?\n\n식대 본인부담률은 식대 금액의 20%입니다. 다만, 중증질환자에게 해당 중증질환(합병증 포함)으로 진료한 경우에는 식대 금액의 5%이며 행려환자, 자연분만 및 6세미만의 아동의 입원진료의 경우에는 식대 본인부담금을 면제합니다.\n\n※관련근거:「의료급여법 시행규칙[별표1의2],「의료급여수가의 기준 및 일반기준,제23조\n\n## 051\n\n#### 의료급여 2종수급권자 중 15세 이하 아동이 입원한 경우, 본인부담 적용은 어떻게 되나요?\n\nA\n\n6세 미만의 아동은 식대를 포함한 입원 진료비가 면제 적용됩니다.\n\n6세 이상 15세 이하 아동인 경우는 입원 본인부담률이 3%이나, 식대 본인부담률은 20%를 적용받습니다.\n\n※관련근거:「의료급여법 시행령」[별표1] 제2호\n\n##### Q52\n\n#### 의료급여 2종수급권자인 18세 이하 아동이 입원진료 중에 치아홈메우기 진료를 시행한 경우, 본인부담 적용은 어떻게 되나요?\n\n치아홈메우기 급여비용을 포함한 전체 급여비용에 대하여 6세 미만 아동은  면제가 되고, 6세 이상 15세 이하 아동은 본인부담률 3%를 적용받습니다. 16세 이상 18세 이하 아동인 경우에는 치아홈메우기 급여비용에 한하여 본인부담률 5%를 적용받습니다.\n\n※관련근거:「의료급여법 시행령」[별표1] 제2호\n\n##### Q53\n\n##### 본인부담금 보상제 및 상한제는 모든 급여대상 본인부담금 기준으로 보상을 하나요?', '### Q 47\n\n#### 계약의사가 사회복지시설에 입소 중인 의료급여수급권자에게 진료를 한 경우 산정되는 수가와 본인부담금은 어떻게 되나요?\n\n의료급여기관에 소속된 계약의사가 시설 내에서 진료 후 사회복지시설 입소자에게 원외처방전을 발행하거나 원내 직접조제 · 투약한 경우 건강보험과 동일한 수가를 산정하며, 본인일부부담금은 1 · 2종 수급권자를 불문하고 1,000원~1,500원을 부담합니다. 단, 1종수급권자 중 외래본인부담면제자의 경우 본인부담금을 면제합니다.\n\n※관련근거:「의료급여수가의 기준 및 일반기준제17조의5\n\n##### Q48\n\n##### 의료급여 선별급여 본인부담은 건강보험 선별급여 본인부담과 다른가요?\n\n건강보험과 동일한 30~90% 본인부담률을 적용받습니다.\n\n※관련근거：「의료급여수가의 기준 및 일반기준,제23조의2\n\n### Q 49\n\n## 65세 이상 틀니 진료 시 본인부담률은 어떻게 되나요?\n\n65세 이상 수급권자가 등록된 틀니에 대한 의료급여를 입원 또는 외래에서 받은 경우 본인부담률은 1종수급권자는 5%이며, 2종수급권자는 15%입니다.\n\n※관련근거:「의료급여법 시행령[별표1] 제1호라목, 제2호마목\n\n##### Q50\n\n## 65세 이상 치과 임플란트 진료 시 본인부담률은 어떻게 되나요?\n\n65세 이상 수급권자가 등록된 임플란트에 대한 의료급여를 입원 또는 외래에서 받은 경우 본인부담률은 1종수급권자는 10%, 2종수급권자는 20%입니다.\n\n※관련근거:「의료급여법 시행령[별표1] 제1호마목, 제2호바목\n\n<div style=""text-align: center;""><img src=""https://pplines-online.bj.bcebos.com/deploy/official/paddleocr/pp-ocr-vl-15//408c8f46-7efb-4a37-8b05-80baad1d3bf4/markdown_1/imgs/img_in_image_box_71_580_134_614.jpg?authorization=bce-auth-v1%2FALTAKzReLNvew3ySINYJ0fuAMN%2F2026-04-16T21%3A18%3A11Z%2F-1%2F%2F04f2d69bcf49e04cfa98933d3b601a63af8c0e18510f51ae5bbc2f2c838b4eec"" alt=""Image"" width=""7%"" /></div>\n\n\n##### 의료급여수급권자의 입원 식대 본인부담률은 얼마인가요?\n\n식대 본인부담률은 식대 금액의 20%입니다. 다만, 중증질환자에게 해당 중증질환(합병증 포함)으로 진료한 경우에는 식대 금액의 5%이며 행려환자, 자연분만 및 6세미만의 아동의 입원진료의 경우에는 식대 본인부담금을 면제합니다.\n\n※관련근거:「의료급여법 시행규칙」[별표1의2],「의료급여수가의 기준 및 일반기준]제23조\n\n##### Q52\n\n#### 의료급여 2종수급권자 중 15세 이하 아동이 입원한 경우, 본인부담 적용은 어떻게 되나요?\n\nA\n\n6세 미만의 아동은 식대를 포함한 입원 진료비가 면제 적용됩니다.']","['추나요법 본인부담률(2025년): 복잡추나 - 디스크·협착증: 1종 30%, 2종 40% / 디스크·협착증 외: 1종 80%, 2종 80% / 단순추나·특수추나: 1종 30%, 2종 40%']",정보를 찾을 수 없습니다.,2025년 의료급여 1종 수급권자가 디스크로 복잡추나를 받을 때 본인부담률은 30%입니다.,0.0,,0.0,,0.044866749185257127
2025년 2종 수급권자가 조현병으로 병원급 이상에서 외래 진료를 받을 때 본인부담률은?,"[""A 제도의 기본원칙과 적용대상 질환은 동일하나 본인부담률 및 적용제외 대상에서 차이가 있습니다.\n\n\n\n<table border=1 style='margin: auto; word-wrap: break-word;'><tr><td style='text-align: center; word-wrap: break-word;'>구분</td><td style='text-align: center; word-wrap: break-word;'>건강보험</td><td style='text-align: center; word-wrap: break-word;'>의료급여</td></tr><tr><td style='text-align: center; word-wrap: break-word;'>적용질환</td><td style='text-align: center; word-wrap: break-word;'>「본인일부부담금 산정특례에 관한기준」[별표6]에 따른 질환</td><td style='text-align: center; word-wrap: break-word;'>좌동</td></tr><tr><td style='text-align: center; word-wrap: break-word;'>본인부담률</td><td style='text-align: center; word-wrap: break-word;'>• 상급종합병원: 약국 요양급여비용총액의 50%• 종합병원: 약국 요양급여비용총액의 40%</td><td style='text-align: center; word-wrap: break-word;'>• 상급종합병원, 종합병원: 약국 의료급여비용총액의 3%*본인부담금이 500원 미만일 경우 500원**건강생활유지비에서 차감 가능</td></tr><tr><td style='text-align: center; word-wrap: break-word;'>적용제외대상</td><td style='text-align: center; word-wrap: break-word;'>• 음·면 지역 소재 종합병원의 의사가 발행한처방전에 따라 의약품을 조제 받은 경우• 보훈병원의 의사나 국가보훈부장관이 진료를위탁한 상급종합병원 또는 종합병원의 의사가 해당 법률에서 정한 의료지원대상자에게 발행한처방전에 따라 의약품을조제 받은 경우</td><td style='text-align: center; word-wrap: break-word;'>• 건강보험 적용제외 대상(좌동)• 의료급여 본인부담 면제자• 종합병원급 이상 기관을 선택의료급여기관으로 지정하고 해당 병원에서처방받는 경우</td></tr></table>\n\n### 0.55\n\n#### 의료급여수급권자의 경우 경증질환으로 상급종합병원과 종합병원 외래진료 시 약국 약값 외에 병원 진료비에 대한 본인부담금도 달라지나요?\n\nA 상급종합병원과 종합병원 외래 진료 시 본인부담금은 현행과 같이 1종은 1,500~2,000원, 2종은 총\n\n진료비의 15%로 경증질환 약국 약값과는 다릅니다.\n\n##### Q56"", '※ 경증질환 약국 약제비 본인부담률 3% 적용\n\n※ 비급여는 전액본인부담,선별급여는 항목별로 30~90% 본인부담\n\n※ 요양병원 입원환자가 의료급여의뢰서 없이 다른 의료급여기관 이용 시 진료비 전액 본인부담\n\n※연장승인(선택의료급여기관) 미신청자(불승인자) 본인부담률 입원 20%, 외래 및 약국 30%\n\n<div style=""text-align: center;""><img src=""https://pplines-online.bj.bcebos.com/deploy/official/paddleocr/pp-ocr-vl-15//d47e86e4-33bc-41c5-bc7c-d42187fb78b4/markdown_3/imgs/img_in_image_box_68_624_112_660.jpg?authorization=bce-auth-v1%2FALTAKzReLNvew3ySINYJ0fuAMN%2F2026-04-16T21%3A20%3A31Z%2F-1%2F%2F8f533eb1d96a365a2e52f22c7d7baf19ad36e9bc7f177af3247c0858ac19fd7e"" alt=""Image"" width=""5%"" /></div>\n\n\n##### 본인부담금 면제자', '### Q 47\n\n#### 계약의사가 사회복지시설에 입소 중인 의료급여수급권자에게 진료를 한 경우 산정되는 수가와 본인부담금은 어떻게 되나요?\n\n의료급여기관에 소속된 계약의사가 시설 내에서 진료 후 사회복지시설 입소자에게 원외처방전을 발행하거나 원내 직접조제 · 투약한 경우 건강보험과 동일한 수가를 산정하며, 본인일부부담금은 1 · 2종 수급권자를 불문하고 1,000원~1,500원을 부담합니다. 단, 1종수급권자 중 외래본인부담면제자의 경우 본인부담금을 면제합니다.\n\n※관련근거:「의료급여수가의 기준 및 일반기준제17조의5\n\n##### Q48\n\n##### 의료급여 선별급여 본인부담은 건강보험 선별급여 본인부담과 다른가요?\n\n건강보험과 동일한 30~90% 본인부담률을 적용받습니다.\n\n※관련근거：「의료급여수가의 기준 및 일반기준,제23조의2\n\n### Q 49\n\n## 65세 이상 틀니 진료 시 본인부담률은 어떻게 되나요?\n\n65세 이상 수급권자가 등록된 틀니에 대한 의료급여를 입원 또는 외래에서 받은 경우 본인부담률은 1종수급권자는 5%이며, 2종수급권자는 15%입니다.\n\n※관련근거:「의료급여법 시행령[별표1] 제1호라목, 제2호마목\n\n##### Q50\n\n## 65세 이상 치과 임플란트 진료 시 본인부담률은 어떻게 되나요?\n\n65세 이상 수급권자가 등록된 임플란트에 대한 의료급여를 입원 또는 외래에서 받은 경우 본인부담률은 1종수급권자는 10%, 2종수급권자는 20%입니다.\n\n※관련근거:「의료급여법 시행령[별표1] 제1호마목, 제2호바목\n\n<div style=""text-align: center;""><img src=""https://pplines-online.bj.bcebos.com/deploy/official/paddleocr/pp-ocr-vl-15//408c8f46-7efb-4a37-8b05-80baad1d3bf4/markdown_1/imgs/img_in_image_box_71_580_134_614.jpg?authorization=bce-auth-v1%2FALTAKzReLNvew3ySINYJ0fuAMN%2F2026-04-16T21%3A18%3A11Z%2F-1%2F%2F04f2d69bcf49e04cfa98933d3b601a63af8c0e18510f51ae5bbc2f2c838b4eec"" alt=""Image"" width=""7%"" /></div>\n\n\n##### 의료급여수급권자의 입원 식대 본인부담률은 얼마인가요?\n\n식대 본인부담률은 식대 금액의 20%입니다. 다만, 중증질환자에게 해당 중증질환(합병증 포함)으로 진료한 경우에는 식대 금액의 5%이며 행려환자, 자연분만 및 6세미만의 아동의 입원진료의 경우에는 식대 본인부담금을 면제합니다.\n\n※관련근거:「의료급여법 시행규칙」[별표1의2],「의료급여수가의 기준 및 일반기준]제23조\n\n##### Q52\n\n#### 의료급여 2종수급권자 중 15세 이하 아동이 입원한 경우, 본인부담 적용은 어떻게 되나요?\n\nA\n\n6세 미만의 아동은 식대를 포함한 입원 진료비가 면제 적용됩니다.']","['정신질환 외래진료 본인부담률(2025년): 조현병 - 병원급 이상 5% / 조현병 외 정신질환 - 병원급 이상 10% / 장기지속형 주사제(1·2종 모두 해당, 외래본인부담면제자 제외) - 5%']","2025년의 정보에 따르면, 2종 수급권자가 조현병으로 병원급 이상에서 외래 진료를 받을 경우 본인부담금은 총 진료비의 15%입니다. 이는 2종 수급권자의 외래 진료 시 본인부담금이 15%로 설정되어 있기 때문입니다. 

따라서, 2025년 기준으로 2종 수급권자가 조현병으로 외래 진료를 받을 때의 본인부담률은 15%입니다.",2025년 의료급여 2종 수급권자가 조현병으로 병원급 이상에서 외래 진료를 받을 때 본인부담률은 5%입니다.,,0.0,0.3333333333333333,,
"2025년 2종 수급권자인 치매 환자가 입원하여 진료비 4,000,000원과 식대 100,000원이 발생했다. 총 본인부담금은?","['※관련근거:「의료급여법 시행령][별표1] 제1호라목, 제2호마목\n\n#### Q 49\n\n## 65세 이상 치과 임플란트 진료 시 본인부담률은 어떻게 되나요?\n\n65세 이상 수급권자가 등록된 임플란트에 대한 의료급여를 입원 또는 외래에서 받은 경우 본인부담률은 1종수급권자는 10%, 2종수급권자는 20%입니다.\n\n※관련근거:「의료급여법 시행령][별표1] 제1호마목, 제2호바목\n\n<div style=""text-align: center;""><img src=""https://pplines-online.bj.bcebos.com/deploy/official/paddleocr/pp-ocr-vl-15//8a29db69-623b-41e1-9aab-5e9f60d0cdd6/markdown_1/imgs/img_in_image_box_75_582_121_612.jpg?authorization=bce-auth-v1%2FALTAKzReLNvew3ySINYJ0fuAMN%2F2026-04-16T21%3A20%3A27Z%2F-1%2F%2F60884fbca84f199d968e9696f16ebdbd896e6f815e265f7dc19bbebaf701adec"" alt=""Image"" width=""5%"" /></div>\n\n\n##### 의료급여수급권자의 입원 식대 본인부담률은 얼마인가요?\n\n식대 본인부담률은 식대 금액의 20%입니다. 다만, 중증질환자에게 해당 중증질환(합병증 포함)으로 진료한 경우에는 식대 금액의 5%이며 행려환자, 자연분만 및 6세미만의 아동의 입원진료의 경우에는 식대 본인부담금을 면제합니다.\n\n※관련근거:「의료급여법 시행규칙[별표1의2],「의료급여수가의 기준 및 일반기준,제23조\n\n## 051\n\n#### 의료급여 2종수급권자 중 15세 이하 아동이 입원한 경우, 본인부담 적용은 어떻게 되나요?\n\nA\n\n6세 미만의 아동은 식대를 포함한 입원 진료비가 면제 적용됩니다.\n\n6세 이상 15세 이하 아동인 경우는 입원 본인부담률이 3%이나, 식대 본인부담률은 20%를 적용받습니다.\n\n※관련근거:「의료급여법 시행령」[별표1] 제2호\n\n##### Q52\n\n#### 의료급여 2종수급권자인 18세 이하 아동이 입원진료 중에 치아홈메우기 진료를 시행한 경우, 본인부담 적용은 어떻게 되나요?\n\n치아홈메우기 급여비용을 포함한 전체 급여비용에 대하여 6세 미만 아동은  면제가 되고, 6세 이상 15세 이하 아동은 본인부담률 3%를 적용받습니다. 16세 이상 18세 이하 아동인 경우에는 치아홈메우기 급여비용에 한하여 본인부담률 5%를 적용받습니다.\n\n※관련근거:「의료급여법 시행령」[별표1] 제2호\n\n##### Q53\n\n##### 본인부담금 보상제 및 상한제는 모든 급여대상 본인부담금 기준으로 보상을 하나요?', '### Q 47\n\n#### 계약의사가 사회복지시설에 입소 중인 의료급여수급권자에게 진료를 한 경우 산정되는 수가와 본인부담금은 어떻게 되나요?\n\n의료급여기관에 소속된 계약의사가 시설 내에서 진료 후 사회복지시설 입소자에게 원외처방전을 발행하거나 원내 직접조제 · 투약한 경우 건강보험과 동일한 수가를 산정하며, 본인일부부담금은 1 · 2종 수급권자를 불문하고 1,000원~1,500원을 부담합니다. 단, 1종수급권자 중 외래본인부담면제자의 경우 본인부담금을 면제합니다.\n\n※관련근거:「의료급여수가의 기준 및 일반기준제17조의5\n\n##### Q48\n\n##### 의료급여 선별급여 본인부담은 건강보험 선별급여 본인부담과 다른가요?\n\n건강보험과 동일한 30~90% 본인부담률을 적용받습니다.\n\n※관련근거：「의료급여수가의 기준 및 일반기준,제23조의2\n\n### Q 49\n\n## 65세 이상 틀니 진료 시 본인부담률은 어떻게 되나요?\n\n65세 이상 수급권자가 등록된 틀니에 대한 의료급여를 입원 또는 외래에서 받은 경우 본인부담률은 1종수급권자는 5%이며, 2종수급권자는 15%입니다.\n\n※관련근거:「의료급여법 시행령[별표1] 제1호라목, 제2호마목\n\n##### Q50\n\n## 65세 이상 치과 임플란트 진료 시 본인부담률은 어떻게 되나요?\n\n65세 이상 수급권자가 등록된 임플란트에 대한 의료급여를 입원 또는 외래에서 받은 경우 본인부담률은 1종수급권자는 10%, 2종수급권자는 20%입니다.\n\n※관련근거:「의료급여법 시행령[별표1] 제1호마목, 제2호바목\n\n<div style=""text-align: center;""><img src=""https://pplines-online.bj.bcebos.com/deploy/official/paddleocr/pp-ocr-vl-15//408c8f46-7efb-4a37-8b05-80baad1d3bf4/markdown_1/imgs/img_in_image_box_71_580_134_614.jpg?authorization=bce-auth-v1%2FALTAKzReLNvew3ySINYJ0fuAMN%2F2026-04-16T21%3A18%3A11Z%2F-1%2F%2F04f2d69bcf49e04cfa98933d3b601a63af8c0e18510f51ae5bbc2f2c838b4eec"" alt=""Image"" width=""7%"" /></div>\n\n\n##### 의료급여수급권자의 입원 식대 본인부담률은 얼마인가요?\n\n식대 본인부담률은 식대 금액의 20%입니다. 다만, 중증질환자에게 해당 중증질환(합병증 포함)으로 진료한 경우에는 식대 금액의 5%이며 행려환자, 자연분만 및 6세미만의 아동의 입원진료의 경우에는 식대 본인부담금을 면제합니다.\n\n※관련근거:「의료급여법 시행규칙」[별표1의2],「의료급여수가의 기준 및 일반기준]제23조\n\n##### Q52\n\n#### 의료급여 2종수급권자 중 15세 이하 아동이 입원한 경우, 본인부담 적용은 어떻게 되나요?\n\nA\n\n6세 미만의 아동은 식대를 포함한 입원 진료비가 면제 적용됩니다.']","['치매질환 입원 및 병원급 이상 외래진료(2025년): 본인부담률 5%', '입원 식대 본인부담률(2025년): 1종·2종 및 2종장애인 - 20%, 중증질환(합병증 포함) - 5%, 행려환자·자연분만·6세 미만 아동 - 무료']","2025년의 정보를 바탕으로 2종 수급권자인 치매 환자가 입원하여 발생한 진료비와 식대에 대한 본인부담금을 계산해 보겠습니다.

1. **진료비**: 4,000,000원
2. **식대**: 100,000원

**본인부담률**:
- 2종 수급권자의 입원 진료비 본인부담률은 20%입니다.
- 식대 본인부담률은 20%입니다.

**본인부담금 계산**:
- 진료비 본인부담금: 4,000,000원 × 20% = 800,000원
- 식대 본인부담금: 100,000원 × 20% = 20,000원

**총 본인부담금**:
- 총 본인부담금 = 진료비 본인부담금 + 식대 본인부담금
- 총 본인부담금 = 800,000원 + 20,000원 = 820,000원

따라서, 2025년 2종 수급권자인 치매 환자가 입원하여 발생한 총 본인부담금은 **820,000원**입니다.","2025년 의료급여 2종 수급권자인 치매 환자가 입원하여 진료비 4,000,000원과 식대 100,000원이 발생했을 때 총 본인부담금은 220,000원입니다. (진료비 4,000,000원 × 5% = 200,000원, 식대 100,000원 × 20% = 20,000원)",0.0,,0.1,,0.6581834781572018
2025년 의료급여 상한일수 초과로 선택의료급여기관 연장을 신청하지 않은 경우 외래 본인부담률은?,"['0 의료급여 절차에 의하지 않고(의료급여의뢰서 없이) 의료급여기관을 이용한 경우에는 진료비 전액을 본인이 부담해야 합니다.\n\n<div style=""text-align: center;""><img src=""https://pplines-online.bj.bcebos.com/deploy/official/paddleocr/pp-ocr-vl-15//5b44b8c9-c503-4cdf-b474-9009ab07bc5c/markdown_0/imgs/img_in_image_box_69_462_111_498.jpg?authorization=bce-auth-v1%2FALTAKzReLNvew3ySINYJ0fuAMN%2F2026-04-16T21%3A17%3A54Z%2F-1%2F%2Fcd485bd9f7c43e1c95b14239b7f7fb7b17a1d8c0e9e79c3721fff041eae32eaf"" alt=""Image"" width=""5%"" /></div>\n\n\n## 3단계 의료급여 절차\n\n○ 수급권자가 의료급여를 받고자 하는 경우 먼저 제1차의료급여기관에 의료급여를 신청하여야 합니다.\n\n0 진찰 결과 또는 진료 중에 다른 의료급여기관의 진료가 필요한 경우에는 진료담당의사의 진료의견이 기재된 ‘의료급여의회서’를 제출하여야 합니다.\n\n※ 의료급여의뢰서는 발급받은 날부터 7일(공휴일 제외) 이내에 제2차 또는 제3차의료급여기관에 제출(7일 이내에 진료를 예약하고 진료를 받는 때에 의료급여의뢰서를 제출하는 경우에는 예약접수일을 의료급여의뢰서 제출일로 봄)\n\n0 의료급여를 의뢰받은 의료급여기관은 수급권자의 상태가 호전되는 때에는 ‘의료급여회송서’를 수급권자에게 발급하여 회송할 수 있습니다.\n\n※ 선택의료급여기관 이용자는 해당하지 않음\n\n## 0 의료급여 절차도\n\n<div style=""text-align: center;""><img src=""https://pplines-online.bj.bcebos.com/deploy/official/paddleocr/pp-ocr-vl-15//5b44b8c9-c503-4cdf-b474-9009ab07bc5c/markdown_0/imgs/img_in_image_box_108_881_731_1119.jpg?authorization=bce-auth-v1%2FALTAKzReLNvew3ySINYJ0fuAMN%2F2026-04-16T21%3A17%3A54Z%2F-1%2F%2F06bd1ce400c298d0311d6d0b7c5326120b7f510d1b9c74431c4525ea595472dd"" alt=""Image"" width=""74%"" /></div>\n\n\n## 0의뢰순서\n\n·제1차의료급여기관→제2차의료급여기관\n\n·제2차의료급여기관→제2차의료급여기관 또는 제3차의료급여기관\n\n·제3차의료급여기관→제3차의료급여기관\n\n## 0회송순서\n\n·제3차의료급여기관→제2차의료급여기관 또는 제1차의료급여기관\n\n·제2차의료급여기관→제1차의료급여기관\n\n##### ○의료급여 단계별 진료 예외 사항(의료급여의뢰서 불필요)', ""※ 관련근거 :「노숙인진료시설 지정 등에 관한 고시」고시 제2025-46호\n\n## 3 의료급여 정신과 수가 개선('25.7.1.,10.1.,'26.1.1.시행)\n\n\n\n<table border=1 style='margin: auto; word-wrap: break-word;'><tr><td style='text-align: center; word-wrap: break-word;'>시행일</td><td style='text-align: center; word-wrap: break-word;'>개정 내역</td></tr><tr><td style='text-align: center; word-wrap: break-word;'>&#x27;25.7.1.</td><td style='text-align: center; word-wrap: break-word;'>○ 정신과 폐쇄병동 입원 시 정액수가 12% 가산 적용○ 정신과 입원 정액수가 외 격리보호로 별도 산정 신설※ 관련근거:「의료급여수가의 기준 및 일반기준」고시 제2025-103호</td></tr><tr><td style='text-align: center; word-wrap: break-word;'>&#x27;25.10.1.</td><td style='text-align: center; word-wrap: break-word;'>○ 격리보호료를 정신안정실 관리료로 명칭 변경※ 관련근거:「의료급여수가의 기준 및 일반기준」고시 제2025-171호○ 정신질환 외래 진료 시, 항정신병 장기지속형주사제 본인부담률 5→2% 완화※ 관련근거:「의료급여법 시행령」[별표1]</td></tr><tr><td style='text-align: center; word-wrap: break-word;'>&#x27;26.1.1.</td><td style='text-align: center; word-wrap: break-word;'>○ 정신과 외래 정신요법료 급여기준 건강보험과 동일하게 산정하도록 급여기준 완화○ 정신과 입원 정액수가 병·의원 수가 종별 역전현상 해소○ 정신과 폐쇄병동 입원 시 정액수가 12→16% 가산 인상○ 급성기 정신질환 집중치료실 입원 시 별도 정액수가 신설(25.12.29.시행)※ 관련근거:「의료급여수가의 기준 및 일반기준」고시 제2025-225호</td></tr></table>\n\n## 4 의료급여 외래진료 적정관리를 위한 365회 초과 시 본인부담률 30% 적용 ('26.1.1.시행)\n\n연간 외래 의료급여 받은 횟수 180회, 240회, 300회 초과 및 365회 초과 시 본인부담률 30% 적용 알림\n\n관련근거:「의료급여법 시행규칙」[별표1의2],「의료급여 외래진료 본인부담차등 기준 등에 관한 고시」고시\n\n제2025-248호\n\n## 5 의료급여 초과 본인부담금 환급 산정기간 변경('26.1.1.시행)\n\n본인부담금 일정 금액 초과 시 초과 금액 환급하는 산정기간을 30일→월단위 변경\n\n※ 관련근거:「의료급여법 시행령」제13조제5항\n\n## 6 의료급여 조산아 지원 기간 확대('26.1.1.시행)"", ""##### 의료급여 경증질환 약제비 본인부담 차등제도는 건강보험과 동일한가요?\n\n제도의 기본원칙과 적용대상 질환은 동일하나 본인부담률 및 적용제외 대상에서 차이가 있습니다.\n\n\n\n<table border=1 style='margin: auto; word-wrap: break-word;'><tr><td style='text-align: center; word-wrap: break-word;'>구분</td><td style='text-align: center; word-wrap: break-word;'>건강보험</td><td style='text-align: center; word-wrap: break-word;'>의료급여</td></tr><tr><td style='text-align: center; word-wrap: break-word;'>적용질환</td><td style='text-align: center; word-wrap: break-word;'>「본인일부부담금 산정특례에 관한기준」별표6|에 따른 질환</td><td style='text-align: center; word-wrap: break-word;'>좌동</td></tr><tr><td style='text-align: center; word-wrap: break-word;'>본인부담률</td><td style='text-align: center; word-wrap: break-word;'>• 상급종합병원: 약국 요양급여비용총액의 50%• 종합병원: 약국 요양급여비용총액의 40%</td><td style='text-align: center; word-wrap: break-word;'>• 상급종합병원, 종합병원: 약국 의료급여비용총액의 3%*본인부담금이 500원 미만일 경우 500원**건강생활유지비에서 차감 가능</td></tr><tr><td style='text-align: center; word-wrap: break-word;'>적용제의대상</td><td style='text-align: center; word-wrap: break-word;'>• 음·면 지역 소재 종합병원의 의사가 발행한 처방전에 따라 의약품을 조제 받은 경우• 보훈병원의 의사나 국가보훈부장관이 진료를 위탁한 상급종합병원 또는 종합병원의 의사가 해당 법률에서 정한 의료지원대상자에게 발행한 처방전에 따라 의약품을 조제 받은 경우</td><td style='text-align: center; word-wrap: break-word;'>• 건강보험 적용제외 대상(좌동)• 의료급여 본인부담 면제자• 종합병원급 이상 기관을 선택의료급여 기관으로 지정하고 해당 병원에서 처방받는 경우</td></tr></table>\n\n##### Q56\n\n#### 의료급여수급권자의 경우 경증질환으로 상급종합병원과 종합병원 외래진료 시 약국 약값 외에 병원 진료비에 대한 본인부담금도 달라지나요?""]","['연장승인(선택의료급여기관) 미신청자(불승인자) 본인부담률(2025년): 입원 20%, 외래 및 약국 30%']","2025년 의료급여 상한일수 초과로 선택의료급여기관 연장을 신청하지 않은 경우 외래 본인부담률에 대한 정보는 제공된 컨텍스트에 포함되어 있지 않습니다. 따라서, ""정보를 찾을 수 없습니다""라고 답변드립니다.",2025년 의료급여 상한일수 초과로 선택의료급여기관 연장을 신청하지 않은 경우 외래 본인부담률은 30%입니다.,0.0,0.0,1.0,,0.2081041805292657
2025년 1종 수급권자가 외래에서 CT 검사를 받을 때 본인부담금은?,"['0 치매질환 입원 및 병원급 이상 외래진료 : 5%\n\n○ 만성질환자(보건복지부 고시)의 병원급 외래진료 : 1,000원\n\n가정간호 대상자:10%\n\no CT,MRI,PET 등\n\n\n\n<table border=1 style=\'margin: auto; word-wrap: break-word;\'><tr><td colspan=""2"">구분</td><td style=\'text-align: center; word-wrap: break-word;\'>본인부담률</td></tr><tr><td style=\'text-align: center; word-wrap: break-word;\'>임신부(유산·사산 포함)</td><td style=\'text-align: center; word-wrap: break-word;\'>제1차의료급여기관</td><td rowspan=""4"">5%</td></tr><tr><td style=\'text-align: center; word-wrap: break-word;\'>5세까지의 조산아·저체중 출생아</td><td style=\'text-align: center; word-wrap: break-word;\'>제1차의료급여기관</td></tr><tr><td style=\'text-align: center; word-wrap: break-word;\'>치매 질환자</td><td style=\'text-align: center; word-wrap: break-word;\'>제1차의료급여기관</td></tr><tr><td style=\'text-align: center; word-wrap: break-word;\'>1세 미만 만성질환자</td><td style=\'text-align: center; word-wrap: break-word;\'>제2차의료급여기관</td></tr><tr><td style=\'text-align: center; word-wrap: break-word;\'>조현병 등 정신질환자</td><td style=\'text-align: center; word-wrap: break-word;\'>제2·3차의료급여기관</td><td style=\'text-align: center; word-wrap: break-word;\'>15%</td></tr></table>\n\n04\n\n## 2025년 변경된 의료급여제도\n\n##### 국가건강검진 후 확진검사의 대상확대 등 의료급여 적용(\'25.1.1,\'26.1.1.시행)\n\n○ 국가건강검진을 받은 의료급여 수급권자가 검사결과에 따라 고혈압 · 당뇨병 · 결핵 질환 확진을 위한 경우에 우울증 · 조기정신증 질환을 의심하는 경우도 추가하여 외래에서 실시하는 추가 진료 및 검사를 본인부담 면제 적용받도록 안내(\'25.1.1.시행)\n\n0당뇨병 질환 확진을 위한 경우에 검사 항목 추가, 이상지질혈증 질환을 의심하는 경우도 추가하여 외래에서 실시하는 추가 진료 및 검사를 본인부담 면제 적용받도록 안내(\'26.1.1.시행)\n\n※ 관련근거 :「건강검진기본법」、「의료급여법 시행령」[별표1]', '<div style=""text-align: center;""><div style=""text-align: center;"">0 정신질환 외래진료</div> </div>\n\n\n\n\n<table border=1 style=\'margin: auto; word-wrap: break-word;\'><tr><td style=\'text-align: center; word-wrap: break-word;\'>구분</td><td style=\'text-align: center; word-wrap: break-word;\'>본인부담률</td></tr><tr><td style=\'text-align: center; word-wrap: break-word;\'>조현병</td><td style=\'text-align: center; word-wrap: break-word;\'>병원급 이상 5%</td></tr><tr><td style=\'text-align: center; word-wrap: break-word;\'>조현병 외 정신질환</td><td style=\'text-align: center; word-wrap: break-word;\'>병원급 이상 10%</td></tr><tr><td style=\'text-align: center; word-wrap: break-word;\'>장기지속형 주사제*\n*1-2종 모두 해당, 외래본인부담면제자 제외</td><td style=\'text-align: center; word-wrap: break-word;\'>2%</td></tr></table>\n\n0 치매질환 입원 및 병원급 이상 외래진료 : 5%\n\n○ 만성질환자(보건복지부 고시)의 병원급 외래진료 : 1,000원\n\n가정간호 대상자:10%\n\no CT,MRI,PET 등']","['의료급여기관 이용 시 본인부담률 및 부담액(2025년): 1종 외래 CT·MRI·PET 등 = 500원', '의료급여기관 이용 시 본인부담률 및 부담액(2026년): 1종 외래 CT·MRI·PET 등 = 5% (2025년 500원에서 변경)']","2025년 1종 수급권자가 외래에서 CT 검사를 받을 때 본인부담금에 대한 정보는 제공된 컨텍스트에 명시되어 있지 않습니다. 따라서 ""정보를 찾을 수 없습니다""라고 답변드립니다. 

컨텍스트에는 2025년 변경된 의료급여제도에 대한 내용이 포함되어 있지만, CT 검사에 대한 본인부담금에 대한 구체적인 정보는 없습니다.",2025년 의료급여 1종 수급권자가 외래에서 CT 검사를 받을 때 본인부담금은 500원입니다.,0.0,0.0,0.75,,0.19011906413298907
2025년 정신질환 외래 진료 시 항정신병 장기지속형 주사제의 본인부담률은?,"['## 4인체면역결핍바이러스질환자 관련 진료 본인부담률\n\n0 인체면역결핍바이러스질환자의 해당상병 입원 및 외래진료 : 본인부담 면제\n\n##### 입원 식대 본인부담률\n\n\n\n<table border=1 style=\'margin: auto; word-wrap: break-word;\'><tr><td style=\'text-align: center; word-wrap: break-word;\'>구분</td><td style=\'text-align: center; word-wrap: break-word;\'>본인부담률</td></tr><tr><td style=\'text-align: center; word-wrap: break-word;\'>1종·2종</td><td rowspan=""2"">20%</td></tr><tr><td style=\'text-align: center; word-wrap: break-word;\'>2종장애인</td></tr><tr><td style=\'text-align: center; word-wrap: break-word;\'>중증질환(합병증 포함)</td><td style=\'text-align: center; word-wrap: break-word;\'>5%</td></tr><tr><td style=\'text-align: center; word-wrap: break-word;\'>행려환자, 자연분만, 6세 미만 아동</td><td style=\'text-align: center; word-wrap: break-word;\'>무 료</td></tr></table>\n\n## 62,3인실 입원료 본인부담률', '## 4인체면역결핍바이러스질환자 관련 진료 본인부담률\n\n0 인체면역결팀바이러스질환자의 해당상병 입원 및 외래진료:본인부담 면제\n\n<div style=""text-align: center;""><img src=""https://pplines-online.bj.bcebos.com/deploy/official/paddleocr/pp-ocr-vl-15//d47e86e4-33bc-41c5-bc7c-d42187fb78b4/markdown_4/imgs/img_in_image_box_84_337_110_370.jpg?authorization=bce-auth-v1%2FALTAKzReLNvew3ySINYJ0fuAMN%2F2026-04-16T21%3A20%3A32Z%2F-1%2F%2Fcf589b7e9a6d46f04d7173c1686a27211a66499caccdb8360f6e006194368c7a"" alt=""Image"" width=""3%"" /></div>\n\n\n##### 입원 식대 본인부담률\n\n\n\n<table border=1 style=\'margin: auto; word-wrap: break-word;\'><tr><td style=\'text-align: center; word-wrap: break-word;\'>구분</td><td style=\'text-align: center; word-wrap: break-word;\'>본인부담률</td></tr><tr><td style=\'text-align: center; word-wrap: break-word;\'>1·2층</td><td rowspan=""2"">20%</td></tr><tr><td style=\'text-align: center; word-wrap: break-word;\'>2층장애인</td></tr><tr><td style=\'text-align: center; word-wrap: break-word;\'>중증질환(합병증 포함)</td><td style=\'text-align: center; word-wrap: break-word;\'>5%</td></tr><tr><td style=\'text-align: center; word-wrap: break-word;\'>행려환자, 자연분만, 6세 미만 아동</td><td style=\'text-align: center; word-wrap: break-word;\'>무 료</td></tr></table>\n\n## 62,3인실 입원료 본인부담률', '<div style=""text-align: center;""><div style=""text-align: center;"">0 정신질환 외래진료</div> </div>\n\n\n\n\n<table border=1 style=\'margin: auto; word-wrap: break-word;\'><tr><td style=\'text-align: center; word-wrap: break-word;\'>구분</td><td style=\'text-align: center; word-wrap: break-word;\'>본인부담률</td></tr><tr><td style=\'text-align: center; word-wrap: break-word;\'>조현병</td><td style=\'text-align: center; word-wrap: break-word;\'>병원급 이상 5%</td></tr><tr><td style=\'text-align: center; word-wrap: break-word;\'>조현병 외 정신질환</td><td style=\'text-align: center; word-wrap: break-word;\'>병원급 이상 10%</td></tr><tr><td style=\'text-align: center; word-wrap: break-word;\'>장기지속형 주사제*\n*1·2종 모두 해당, 외래본인부담면제자 제외</td><td style=\'text-align: center; word-wrap: break-word;\'>5%</td></tr></table>\n\n0 치매질환 입원 및 병원급 이상 외래진료 : 5%\n\n○ 만성질환자(보건복지부 고시)의 병원급 외래진료:1,000원\n\n0 가정간호 대상자:10%\n\no CT,MRI,PET 등']","['정신질환 외래진료 본인부담률(2025년): 장기지속형 주사제(1·2종 모두 해당, 외래본인부담면제자 제외) - 5%', '정신질환 외래 진료 시 항정신병 장기지속형주사제 본인부담률 변경 내역: 2025년 10월 1일부터 5%에서 2%로 완화 시행 (「의료급여법 시행령」[별표1] 개정)']","2025년 정신질환 외래 진료 시 항정신병 장기지속형 주사제의 본인부담률은 5%입니다. 이는 ""장기지속형 주사제"" 항목에서 명시된 내용으로, 1·2종 모두 해당하며 외래본인부담면제자 제외라는 조건이 붙어 있습니다. 따라서, 해당 주사제를 사용하는 경우 환자는 5%의 본인부담률을 적용받게 됩니다.",2025년 정신질환 외래 진료 시 항정신병 장기지속형 주사제의 본인부담률은 5%입니다.,1.0,,0.8333333333333334,,0.6012475774482462
2026년 의료급여 1종 수급권자가 종합병원(제2차의료급여기관)에서 외래 진료를 받을 때 본인부담금은?,"[""##### 의료급여 경증질환 약제비 본인부담 차등제도는 건강보험과 동일한가요?\n\n제도의 기본원칙과 적용대상 질환은 동일하나 본인부담률 및 적용제외 대상에서 차이가 있습니다.\n\n\n\n<table border=1 style='margin: auto; word-wrap: break-word;'><tr><td style='text-align: center; word-wrap: break-word;'>구분</td><td style='text-align: center; word-wrap: break-word;'>건강보험</td><td style='text-align: center; word-wrap: break-word;'>의료급여</td></tr><tr><td style='text-align: center; word-wrap: break-word;'>적용질환</td><td style='text-align: center; word-wrap: break-word;'>「본인일부부담금 산정특례에 관한기준」별표6|에 따른 질환</td><td style='text-align: center; word-wrap: break-word;'>좌동</td></tr><tr><td style='text-align: center; word-wrap: break-word;'>본인부담률</td><td style='text-align: center; word-wrap: break-word;'>• 상급종합병원: 약국 요양급여비용총액의 50%• 종합병원: 약국 요양급여비용총액의 40%</td><td style='text-align: center; word-wrap: break-word;'>• 상급종합병원, 종합병원: 약국 의료급여비용총액의 3%*본인부담금이 500원 미만일 경우 500원**건강생활유지비에서 차감 가능</td></tr><tr><td style='text-align: center; word-wrap: break-word;'>적용제의대상</td><td style='text-align: center; word-wrap: break-word;'>• 음·면 지역 소재 종합병원의 의사가 발행한 처방전에 따라 의약품을 조제 받은 경우• 보훈병원의 의사나 국가보훈부장관이 진료를 위탁한 상급종합병원 또는 종합병원의 의사가 해당 법률에서 정한 의료지원대상자에게 발행한 처방전에 따라 의약품을 조제 받은 경우</td><td style='text-align: center; word-wrap: break-word;'>• 건강보험 적용제외 대상(좌동)• 의료급여 본인부담 면제자• 종합병원급 이상 기관을 선택의료급여 기관으로 지정하고 해당 병원에서 처방받는 경우</td></tr></table>\n\n##### Q56\n\n#### 의료급여수급권자의 경우 경증질환으로 상급종합병원과 종합병원 외래진료 시 약국 약값 외에 병원 진료비에 대한 본인부담금도 달라지나요?"", ""A 제도의 기본원칙과 적용대상 질환은 동일하나 본인부담률 및 적용제외 대상에서 차이가 있습니다.\n\n\n\n<table border=1 style='margin: auto; word-wrap: break-word;'><tr><td style='text-align: center; word-wrap: break-word;'>구분</td><td style='text-align: center; word-wrap: break-word;'>건강보험</td><td style='text-align: center; word-wrap: break-word;'>의료급여</td></tr><tr><td style='text-align: center; word-wrap: break-word;'>적용질환</td><td style='text-align: center; word-wrap: break-word;'>「본인일부부담금 산정특례에 관한기준」[별표6]에 따른 질환</td><td style='text-align: center; word-wrap: break-word;'>좌동</td></tr><tr><td style='text-align: center; word-wrap: break-word;'>본인부담률</td><td style='text-align: center; word-wrap: break-word;'>• 상급종합병원: 약국 요양급여비용총액의 50%• 종합병원: 약국 요양급여비용총액의 40%</td><td style='text-align: center; word-wrap: break-word;'>• 상급종합병원, 종합병원: 약국 의료급여비용총액의 3%*본인부담금이 500원 미만일 경우 500원**건강생활유지비에서 차감 가능</td></tr><tr><td style='text-align: center; word-wrap: break-word;'>적용제외대상</td><td style='text-align: center; word-wrap: break-word;'>• 음·면 지역 소재 종합병원의 의사가 발행한처방전에 따라 의약품을 조제 받은 경우• 보훈병원의 의사나 국가보훈부장관이 진료를위탁한 상급종합병원 또는 종합병원의 의사가 해당 법률에서 정한 의료지원대상자에게 발행한처방전에 따라 의약품을조제 받은 경우</td><td style='text-align: center; word-wrap: break-word;'>• 건강보험 적용제외 대상(좌동)• 의료급여 본인부담 면제자• 종합병원급 이상 기관을 선택의료급여기관으로 지정하고 해당 병원에서처방받는 경우</td></tr></table>\n\n### 0.55\n\n#### 의료급여수급권자의 경우 경증질환으로 상급종합병원과 종합병원 외래진료 시 약국 약값 외에 병원 진료비에 대한 본인부담금도 달라지나요?\n\nA 상급종합병원과 종합병원 외래 진료 시 본인부담금은 현행과 같이 1종은 1,500~2,000원, 2종은 총\n\n진료비의 15%로 경증질환 약국 약값과는 다릅니다.\n\n##### Q56"", '선택의료급여기관에서 의뢰된 수급권자는 동일 종별(제2차의료급여기관에서 다른 제2차의료급여기관)로 재의뢰는 할 수 없습니다. 따라서 위와 같은 경우에 다른 제2차의료급여기관의 진료가 필요하다면 선택의료급여기관에서 의료급여의뢰서를 재발급 받아 입원 예정인 제2차의료급여기관에 제출하여야 합니다.\n\n※관련근거:「선택의료급여기관 적용 대상자 및 이용절차 등에 관한 규정 제6조제2항제2호\n\n##### Q26\n\n### 희귀질환 산정특례 대상으로 등록되어 있으면서 제1차의료급여기관이 선택기관 으로 지정된 의료급여수급자인 경우, 의료급여의회서 없이 제2차 또는 제3차의료급여기관에서 의료급여가 적용되나요?\n\n산정특례등록환자라도 제1차의료급여기관을 선택기관으로 지정되어 있는 경우는 선택기관의 의료급여의뢰서를 제출하여야만 제2차의료급여기관에서 진료가 가능하며, 제2차의료급여기관을 거쳐 제3차의료급여기관에서도 진료가 가능합니다.\n\n※관련근거:「선택의료급여기관 적용대상자 및 이용절차 등에 관한 규정,제9조\n\n<div style=""text-align: center;""><img src=""https://pplines-online.bj.bcebos.com/deploy/official/paddleocr/pp-ocr-vl-15//55a07795-1a89-41ed-be78-9ef17bad3f46/markdown_4/imgs/img_in_image_box_74_421_134_453.jpg?authorization=bce-auth-v1%2FALTAKzReLNvew3ySINYJ0fuAMN%2F2026-04-16T21%3A17%3A19Z%2F-1%2F%2F1cf74099a89bcd231ecb4b51eb2577829c070f1ea9eeee5a37941c4944323e62"" alt=""Image"" width=""7%"" /></div>\n\n\n### 제1차의료급여기관이 선택의료급여기관으로 지정된 1종수급권자입니다. 선택의료급여기관에서 진료할 수 없는 질환에 대하여 의료급여의뢰서를 발급받아 다른 병의원에서 진료를 받을 경우 본인부담금은 어떻게 되나요?\n\n선택의료급여기관으로 지정된 제1차의료급여기관에서 진료 받을 경우는 본인부담금이 면제되지만,\n\n의뢰 또는 재의뢰되어 진료 받는 기관에서는 본인부담금이 발생됩니다. (1,000원~2,000원)\n\n※관련근거：「의료급여법 시행령」별표1\n\n##### Q28\n\n### 선택의료급여기관에서 의뢰되어 제2차 또는 제3차의료급여기관에서 진료를 받던 중 선택의료급여기관이 변경되었습니다. 이 경우 변경된 선택의료급여기관으로부터 의뢰서를 다시 발급받아야 하나요?\n\n선택의료급여기관으로부터 의뢰받아 계속하여 진료 중 다른 선택의료급여기관으로 변경된 경우, 동일상병에 대하여 해당진료가 종료될 때까지는 변경된 선택의료급여기관의 의료급여의뢰서 추가 제출 없이 해당 제2 · 3차의료급여기관의 진료를 받을 수 있습니다. 다만, 다른 상병으로 진료를 받을 경우에는 변경된 선택의료급여기관의 진료담당의사의 진료의견이 기재된 의료급여의뢰서를 제출하여야 합니다.']","['의료급여기관 이용 시 본인부담률 및 부담액(2026년): 1종 외래 - 1차(의원): 1,000원, 2차(병원·종합병원): 1,500원, 3차(상급종합병원): 2,000원, 약국: 500원, CT·MRI·PET 등: 5%']","2026년 의료급여 1종 수급권자가 종합병원(제2차의료급여기관)에서 외래 진료를 받을 때 본인부담금은 총 진료비의 15%입니다. 이는 경증질환 약국 약값과는 다르며, 외래 진료 시 본인부담금은 1종 수급권자의 경우 1,500~2,000원으로 설정되어 있습니다. 

따라서, 2026년의 경우 외래 진료를 받을 때 본인부담금은 1,500~2,000원으로 예상되며, 이는 진료비의 15%와는 별개로 적용됩니다.","2026년 의료급여 1종 수급권자가 종합병원(제2차의료급여기관)에서 외래 진료를 받을 때 본인부담금은 1,500원입니다.",1.0,,0.4,,0.43129376005968506
2026년 65세 이상 2종 수급권자가 치과 임플란트를 할 경우 본인부담률은?,"['### Q 47\n\n#### 계약의사가 사회복지시설에 입소 중인 의료급여수급권자에게 진료를 한 경우 산정되는 수가와 본인부담금은 어떻게 되나요?\n\n의료급여기관에 소속된 계약의사가 시설 내에서 진료 후 사회복지시설 입소자에게 원외처방전을 발행하거나 원내 직접조제 · 투약한 경우 건강보험과 동일한 수가를 산정하며, 본인일부부담금은 1 · 2종 수급권자를 불문하고 1,000원~1,500원을 부담합니다. 단, 1종수급권자 중 외래본인부담면제자의 경우 본인부담금을 면제합니다.\n\n※관련근거:「의료급여수가의 기준 및 일반기준제17조의5\n\n##### Q48\n\n##### 의료급여 선별급여 본인부담은 건강보험 선별급여 본인부담과 다른가요?\n\n건강보험과 동일한 30~90% 본인부담률을 적용받습니다.\n\n※관련근거：「의료급여수가의 기준 및 일반기준,제23조의2\n\n### Q 49\n\n## 65세 이상 틀니 진료 시 본인부담률은 어떻게 되나요?\n\n65세 이상 수급권자가 등록된 틀니에 대한 의료급여를 입원 또는 외래에서 받은 경우 본인부담률은 1종수급권자는 5%이며, 2종수급권자는 15%입니다.\n\n※관련근거:「의료급여법 시행령[별표1] 제1호라목, 제2호마목\n\n##### Q50\n\n## 65세 이상 치과 임플란트 진료 시 본인부담률은 어떻게 되나요?\n\n65세 이상 수급권자가 등록된 임플란트에 대한 의료급여를 입원 또는 외래에서 받은 경우 본인부담률은 1종수급권자는 10%, 2종수급권자는 20%입니다.\n\n※관련근거:「의료급여법 시행령[별표1] 제1호마목, 제2호바목\n\n<div style=""text-align: center;""><img src=""https://pplines-online.bj.bcebos.com/deploy/official/paddleocr/pp-ocr-vl-15//408c8f46-7efb-4a37-8b05-80baad1d3bf4/markdown_1/imgs/img_in_image_box_71_580_134_614.jpg?authorization=bce-auth-v1%2FALTAKzReLNvew3ySINYJ0fuAMN%2F2026-04-16T21%3A18%3A11Z%2F-1%2F%2F04f2d69bcf49e04cfa98933d3b601a63af8c0e18510f51ae5bbc2f2c838b4eec"" alt=""Image"" width=""7%"" /></div>\n\n\n##### 의료급여수급권자의 입원 식대 본인부담률은 얼마인가요?\n\n식대 본인부담률은 식대 금액의 20%입니다. 다만, 중증질환자에게 해당 중증질환(합병증 포함)으로 진료한 경우에는 식대 금액의 5%이며 행려환자, 자연분만 및 6세미만의 아동의 입원진료의 경우에는 식대 본인부담금을 면제합니다.\n\n※관련근거:「의료급여법 시행규칙」[별표1의2],「의료급여수가의 기준 및 일반기준]제23조\n\n##### Q52\n\n#### 의료급여 2종수급권자 중 15세 이하 아동이 입원한 경우, 본인부담 적용은 어떻게 되나요?\n\nA\n\n6세 미만의 아동은 식대를 포함한 입원 진료비가 면제 적용됩니다.', '※관련근거:「의료급여법 시행령][별표1] 제1호라목, 제2호마목\n\n#### Q 49\n\n## 65세 이상 치과 임플란트 진료 시 본인부담률은 어떻게 되나요?\n\n65세 이상 수급권자가 등록된 임플란트에 대한 의료급여를 입원 또는 외래에서 받은 경우 본인부담률은 1종수급권자는 10%, 2종수급권자는 20%입니다.\n\n※관련근거:「의료급여법 시행령][별표1] 제1호마목, 제2호바목\n\n<div style=""text-align: center;""><img src=""https://pplines-online.bj.bcebos.com/deploy/official/paddleocr/pp-ocr-vl-15//8a29db69-623b-41e1-9aab-5e9f60d0cdd6/markdown_1/imgs/img_in_image_box_75_582_121_612.jpg?authorization=bce-auth-v1%2FALTAKzReLNvew3ySINYJ0fuAMN%2F2026-04-16T21%3A20%3A27Z%2F-1%2F%2F60884fbca84f199d968e9696f16ebdbd896e6f815e265f7dc19bbebaf701adec"" alt=""Image"" width=""5%"" /></div>\n\n\n##### 의료급여수급권자의 입원 식대 본인부담률은 얼마인가요?\n\n식대 본인부담률은 식대 금액의 20%입니다. 다만, 중증질환자에게 해당 중증질환(합병증 포함)으로 진료한 경우에는 식대 금액의 5%이며 행려환자, 자연분만 및 6세미만의 아동의 입원진료의 경우에는 식대 본인부담금을 면제합니다.\n\n※관련근거:「의료급여법 시행규칙[별표1의2],「의료급여수가의 기준 및 일반기준,제23조\n\n## 051\n\n#### 의료급여 2종수급권자 중 15세 이하 아동이 입원한 경우, 본인부담 적용은 어떻게 되나요?\n\nA\n\n6세 미만의 아동은 식대를 포함한 입원 진료비가 면제 적용됩니다.\n\n6세 이상 15세 이하 아동인 경우는 입원 본인부담률이 3%이나, 식대 본인부담률은 20%를 적용받습니다.\n\n※관련근거:「의료급여법 시행령」[별표1] 제2호\n\n##### Q52\n\n#### 의료급여 2종수급권자인 18세 이하 아동이 입원진료 중에 치아홈메우기 진료를 시행한 경우, 본인부담 적용은 어떻게 되나요?\n\n치아홈메우기 급여비용을 포함한 전체 급여비용에 대하여 6세 미만 아동은  면제가 되고, 6세 이상 15세 이하 아동은 본인부담률 3%를 적용받습니다. 16세 이상 18세 이하 아동인 경우에는 치아홈메우기 급여비용에 한하여 본인부담률 5%를 적용받습니다.\n\n※관련근거:「의료급여법 시행령」[별표1] 제2호\n\n##### Q53\n\n##### 본인부담금 보상제 및 상한제는 모든 급여대상 본인부담금 기준으로 보상을 하나요?', '정액수가 관련 질의·답변\n\n06\n\n##### 본인일부부담금 적용\n\n## 044\n\n#### 건강보험 본인일부부담금 산정특례대상이 의료급여수급권자에게도 동일하게 적용되나요?\n\n산정특례 대상의 경우, 정신질환과 치매질환을 제외하고 건강보험과 동일하게 적용됩니다.\n\n※관련근거:「의료급여수가의 기준 및 일반기준」[별표2]\n\n#### Q 45\n\n#### 의료급여 등록 희귀질환자인 경우, 등록된 희귀질환이 아닌 다른 상병으로 외래진료를 받을 경우에도 본인부담금이 면제되나요?\n\n보건복지부장관이 정하여 고시하는 결핵질환, 희귀난치성질환 또는 중증질환을 가진 사람이 외래진료를 받을 경우 급여비용총액 전부를 기금에서 부담하여, 해당 질환 이외의 상병으로 외래진료를 받은 경우에도 본인일부부담금이 면제됩니다.\n\n※관련근거:「의료급여법 시행령][별표1] 제1호다목\n\n#### Q 46\n\n#### 계약의사가 사회복지시설에 입소 중인 의료급여수급권자에게 진료를 한 경우 산정되는 수가와 본인부담금은 어떻게 되나요?\n\n의료급여기관에 소속된 계약의사가 시설 내에서 진료 후 사회복지시설 입소자에게 원외처방전을 발행하거나 원내 직접조제·투약한 경우 건강보험과 동일한 수가를 산정하며, 본인일부부담금은 1·2 종 수급권자를 불문하고 1,000원~1,500원을 부담합니다. 단, 1종수급권자 중 외래본인부담면제자의 경우 본인부담금을 면제합니다.\n\n※관련근거:「의료급여수가의 기준 및 일반기준,제17조의5\n\n<div style=""text-align: center;""><img src=""https://pplines-online.bj.bcebos.com/deploy/official/paddleocr/pp-ocr-vl-15//8a29db69-623b-41e1-9aab-5e9f60d0cdd6/markdown_0/imgs/img_in_image_box_60_1017_139_1078.jpg?authorization=bce-auth-v1%2FALTAKzReLNvew3ySINYJ0fuAMN%2F2026-04-16T21%3A20%3A26Z%2F-1%2F%2Fafcb1f272d9a636f95bf8ab5d04721f9bda544502b48a6df9aa94bf61d7beaa6"" alt=""Image"" width=""9%"" /></div>\n\n\n##### 의료급여 선별급여 본인부담은 건강보험 선별급여 본인부담과 다른가요?\n\n건강보험과 동일한 30~90% 본인부담률을 적용받습니다.\n\n※관련근거:「의료급여수가의 기준 및 일반기준,제23조의2\n\n#### Q 48\n\n## 65세 이상 들니 진료 시 본인부담률은 어떻게 되나요?\n\n65세 이상 수급권자가 등록된 틀니에 대한 의료급여를 입원 또는 외래에서 받은 경우 본인부담률은 1종수급권자는 5%이며, 2종수급권자는 15%입니다.\n\n※관련근거:「의료급여법 시행령][별표1] 제1호라목, 제2호마목\n\n#### Q 49\n\n## 65세 이상 치과 임플란트 진료 시 본인부담률은 어떻게 되나요?']","['65세 이상 등록된 틀니 및 치과 임플란트 본인부담률(2026년): 1종 - 틀니: 5%, 임플란트: 10% / 2종 - 틀니: 15%, 임플란트: 20% ※본인부담 보상제·상한제 해당되지 않음']","2026년 기준으로 65세 이상 2종 수급권자가 등록된 임플란트에 대한 의료급여를 입원 또는 외래에서 받을 경우, 본인부담률은 20%입니다. 

이 정보는 「의료급여법 시행령」의 관련 조항에 근거하고 있습니다. 1종 수급권자의 경우 본인부담률은 10%로 설정되어 있습니다. 따라서 2종 수급권자는 20%의 본인부담금을 지불해야 합니다.",2026년 65세 이상 의료급여 2종 수급권자가 치과 임플란트를 할 경우 본인부담률은 20%입니다.,1.0,0.99999999995,0.6,,0.7728266433998475
2026년 2종 수급권자가 제왕절개분만으로 입원할 때 본인부담률은?,"['※관련근거:「의료급여법 시행령][별표1] 제1호라목, 제2호마목\n\n#### Q 49\n\n## 65세 이상 치과 임플란트 진료 시 본인부담률은 어떻게 되나요?\n\n65세 이상 수급권자가 등록된 임플란트에 대한 의료급여를 입원 또는 외래에서 받은 경우 본인부담률은 1종수급권자는 10%, 2종수급권자는 20%입니다.\n\n※관련근거:「의료급여법 시행령][별표1] 제1호마목, 제2호바목\n\n<div style=""text-align: center;""><img src=""https://pplines-online.bj.bcebos.com/deploy/official/paddleocr/pp-ocr-vl-15//8a29db69-623b-41e1-9aab-5e9f60d0cdd6/markdown_1/imgs/img_in_image_box_75_582_121_612.jpg?authorization=bce-auth-v1%2FALTAKzReLNvew3ySINYJ0fuAMN%2F2026-04-16T21%3A20%3A27Z%2F-1%2F%2F60884fbca84f199d968e9696f16ebdbd896e6f815e265f7dc19bbebaf701adec"" alt=""Image"" width=""5%"" /></div>\n\n\n##### 의료급여수급권자의 입원 식대 본인부담률은 얼마인가요?\n\n식대 본인부담률은 식대 금액의 20%입니다. 다만, 중증질환자에게 해당 중증질환(합병증 포함)으로 진료한 경우에는 식대 금액의 5%이며 행려환자, 자연분만 및 6세미만의 아동의 입원진료의 경우에는 식대 본인부담금을 면제합니다.\n\n※관련근거:「의료급여법 시행규칙[별표1의2],「의료급여수가의 기준 및 일반기준,제23조\n\n## 051\n\n#### 의료급여 2종수급권자 중 15세 이하 아동이 입원한 경우, 본인부담 적용은 어떻게 되나요?\n\nA\n\n6세 미만의 아동은 식대를 포함한 입원 진료비가 면제 적용됩니다.\n\n6세 이상 15세 이하 아동인 경우는 입원 본인부담률이 3%이나, 식대 본인부담률은 20%를 적용받습니다.\n\n※관련근거:「의료급여법 시행령」[별표1] 제2호\n\n##### Q52\n\n#### 의료급여 2종수급권자인 18세 이하 아동이 입원진료 중에 치아홈메우기 진료를 시행한 경우, 본인부담 적용은 어떻게 되나요?\n\n치아홈메우기 급여비용을 포함한 전체 급여비용에 대하여 6세 미만 아동은  면제가 되고, 6세 이상 15세 이하 아동은 본인부담률 3%를 적용받습니다. 16세 이상 18세 이하 아동인 경우에는 치아홈메우기 급여비용에 한하여 본인부담률 5%를 적용받습니다.\n\n※관련근거:「의료급여법 시행령」[별표1] 제2호\n\n##### Q53\n\n##### 본인부담금 보상제 및 상한제는 모든 급여대상 본인부담금 기준으로 보상을 하나요?', '## 4인체면역결핍바이러스질환자 관련 진료 본인부담률\n\n0 인체면역결팀바이러스질환자의 해당상병 입원 및 외래진료:본인부담 면제\n\n<div style=""text-align: center;""><img src=""https://pplines-online.bj.bcebos.com/deploy/official/paddleocr/pp-ocr-vl-15//d47e86e4-33bc-41c5-bc7c-d42187fb78b4/markdown_4/imgs/img_in_image_box_84_337_110_370.jpg?authorization=bce-auth-v1%2FALTAKzReLNvew3ySINYJ0fuAMN%2F2026-04-16T21%3A20%3A32Z%2F-1%2F%2Fcf589b7e9a6d46f04d7173c1686a27211a66499caccdb8360f6e006194368c7a"" alt=""Image"" width=""3%"" /></div>\n\n\n##### 입원 식대 본인부담률\n\n\n\n<table border=1 style=\'margin: auto; word-wrap: break-word;\'><tr><td style=\'text-align: center; word-wrap: break-word;\'>구분</td><td style=\'text-align: center; word-wrap: break-word;\'>본인부담률</td></tr><tr><td style=\'text-align: center; word-wrap: break-word;\'>1·2층</td><td rowspan=""2"">20%</td></tr><tr><td style=\'text-align: center; word-wrap: break-word;\'>2층장애인</td></tr><tr><td style=\'text-align: center; word-wrap: break-word;\'>중증질환(합병증 포함)</td><td style=\'text-align: center; word-wrap: break-word;\'>5%</td></tr><tr><td style=\'text-align: center; word-wrap: break-word;\'>행려환자, 자연분만, 6세 미만 아동</td><td style=\'text-align: center; word-wrap: break-word;\'>무 료</td></tr></table>\n\n## 62,3인실 입원료 본인부담률', '### Q 47\n\n#### 계약의사가 사회복지시설에 입소 중인 의료급여수급권자에게 진료를 한 경우 산정되는 수가와 본인부담금은 어떻게 되나요?\n\n의료급여기관에 소속된 계약의사가 시설 내에서 진료 후 사회복지시설 입소자에게 원외처방전을 발행하거나 원내 직접조제 · 투약한 경우 건강보험과 동일한 수가를 산정하며, 본인일부부담금은 1 · 2종 수급권자를 불문하고 1,000원~1,500원을 부담합니다. 단, 1종수급권자 중 외래본인부담면제자의 경우 본인부담금을 면제합니다.\n\n※관련근거:「의료급여수가의 기준 및 일반기준제17조의5\n\n##### Q48\n\n##### 의료급여 선별급여 본인부담은 건강보험 선별급여 본인부담과 다른가요?\n\n건강보험과 동일한 30~90% 본인부담률을 적용받습니다.\n\n※관련근거：「의료급여수가의 기준 및 일반기준,제23조의2\n\n### Q 49\n\n## 65세 이상 틀니 진료 시 본인부담률은 어떻게 되나요?\n\n65세 이상 수급권자가 등록된 틀니에 대한 의료급여를 입원 또는 외래에서 받은 경우 본인부담률은 1종수급권자는 5%이며, 2종수급권자는 15%입니다.\n\n※관련근거:「의료급여법 시행령[별표1] 제1호라목, 제2호마목\n\n##### Q50\n\n## 65세 이상 치과 임플란트 진료 시 본인부담률은 어떻게 되나요?\n\n65세 이상 수급권자가 등록된 임플란트에 대한 의료급여를 입원 또는 외래에서 받은 경우 본인부담률은 1종수급권자는 10%, 2종수급권자는 20%입니다.\n\n※관련근거:「의료급여법 시행령[별표1] 제1호마목, 제2호바목\n\n<div style=""text-align: center;""><img src=""https://pplines-online.bj.bcebos.com/deploy/official/paddleocr/pp-ocr-vl-15//408c8f46-7efb-4a37-8b05-80baad1d3bf4/markdown_1/imgs/img_in_image_box_71_580_134_614.jpg?authorization=bce-auth-v1%2FALTAKzReLNvew3ySINYJ0fuAMN%2F2026-04-16T21%3A18%3A11Z%2F-1%2F%2F04f2d69bcf49e04cfa98933d3b601a63af8c0e18510f51ae5bbc2f2c838b4eec"" alt=""Image"" width=""7%"" /></div>\n\n\n##### 의료급여수급권자의 입원 식대 본인부담률은 얼마인가요?\n\n식대 본인부담률은 식대 금액의 20%입니다. 다만, 중증질환자에게 해당 중증질환(합병증 포함)으로 진료한 경우에는 식대 금액의 5%이며 행려환자, 자연분만 및 6세미만의 아동의 입원진료의 경우에는 식대 본인부담금을 면제합니다.\n\n※관련근거:「의료급여법 시행규칙」[별표1의2],「의료급여수가의 기준 및 일반기준]제23조\n\n##### Q52\n\n#### 의료급여 2종수급권자 중 15세 이하 아동이 입원한 경우, 본인부담 적용은 어떻게 되나요?\n\nA\n\n6세 미만의 아동은 식대를 포함한 입원 진료비가 면제 적용됩니다.']","['의료급여 2종 수급권자 임산부 본인부담률(2026년): 입원 - 자연분만: 무료, 제왕절개분만: 무료, 고위험임신부: 5%', '본인부담금 면제자(2026년) 2종: 입원 본인부담 면제자 - 자연분만, 제왕절개분만, 6세 미만 아동']",정보를 찾을 수 없습니다.,2026년 의료급여 2종 수급권자가 제왕절개분만으로 입원할 때 본인부담률은 무료(0%)입니다.,0.0,0.0,0.0,,
2026년 2종 수급권자인 12세 아동이 병원(제2차의료급여기관)에 입원할 때 본인부담률은?,"['#### 의료급여 2종수급권자 중 15세 이하 아동이 입원한 경우, 본인부담 적용은 어떻게 되나요?\n\nA\n\n6세 미만의 아동은 식대를 포함한 입원 진료비가 면제 적용됩니다.\n\n6세 이상 15세 이하 아동인 경우는 입원 본인부담률이 3%이나, 식대 본인부담률은 20%를 적용받습니다.\n\n※관련근거:「의료급여법 시행령」[별표1] 제2호\n\n##### Q53\n\n#### 의료급여 2종수급권자인 18세 이하 아동이 입원진료 중에 치아홈메우기 진료를 시행한 경우, 본인부담 적용은 어떻게 되나요?\n\n치아홈메우기 급여비용을 포함한 전체 급여비용에 대하여 6세 미만 아동은 면제가 되고, 6세 이상 15세 이하 아동은 본인부담률 3%를 적용받습니다. 16세 이상 18세 이하 아동인 경우에는 치아홈메우기 급여비용에 한하여 본인부담률 5%를 적용받습니다.\n\n※관련근거:「의료급여법 시행령][별표1] 제2호\n\n<div style=""text-align: center;""><img src=""https://pplines-online.bj.bcebos.com/deploy/official/paddleocr/pp-ocr-vl-15//408c8f46-7efb-4a37-8b05-80baad1d3bf4/markdown_2/imgs/img_in_image_box_59_393_138_454.jpg?authorization=bce-auth-v1%2FALTAKzReLNvew3ySINYJ0fuAMN%2F2026-04-16T21%3A18%3A11Z%2F-1%2F%2Fc852805d22d4008d97ed3112e4eb0491fc766cfa8fcfcfbc45a5b2b951d82d27"" alt=""Image"" width=""9%"" /></div>\n\n\n##### Q54\n\n##### 본인부담금 보상제 및 상한제는 모든 급여대상 본인부담금 기준으로 보상을 하나요?\n\n본인부담금 보상제 및 상한제는 수급권자의 급여대상 본인부담금이 대통령령에서 정하는 금액을 초과한 경우, 그 초과금액의 전액에 해당하는 금액을 보상해주는 제도입니다. 그러나 비급여대상, 100/100 본인부담 진료비, 65세 이상 치과 틀니 및 임플란트 비용, 상급병실(2 · 3인실) 입원료, 추나요법 및 연장승인 미신청 등으로 인한 본인부담금 등은 지급에서 제외 됩니다.\n\n##### 경증질환 약제비 본인부담 차등제\n\n##### Q55\n\n##### 의료급여 경증질환 약제비 본인부담 차등제도는 건강보험과 동일한가요?\n\n제도의 기본원칙과 적용대상 질환은 동일하나 본인부담률 및 적용제외 대상에서 차이가 있습니다.', '### Q 47\n\n#### 계약의사가 사회복지시설에 입소 중인 의료급여수급권자에게 진료를 한 경우 산정되는 수가와 본인부담금은 어떻게 되나요?\n\n의료급여기관에 소속된 계약의사가 시설 내에서 진료 후 사회복지시설 입소자에게 원외처방전을 발행하거나 원내 직접조제 · 투약한 경우 건강보험과 동일한 수가를 산정하며, 본인일부부담금은 1 · 2종 수급권자를 불문하고 1,000원~1,500원을 부담합니다. 단, 1종수급권자 중 외래본인부담면제자의 경우 본인부담금을 면제합니다.\n\n※관련근거:「의료급여수가의 기준 및 일반기준제17조의5\n\n##### Q48\n\n##### 의료급여 선별급여 본인부담은 건강보험 선별급여 본인부담과 다른가요?\n\n건강보험과 동일한 30~90% 본인부담률을 적용받습니다.\n\n※관련근거：「의료급여수가의 기준 및 일반기준,제23조의2\n\n### Q 49\n\n## 65세 이상 틀니 진료 시 본인부담률은 어떻게 되나요?\n\n65세 이상 수급권자가 등록된 틀니에 대한 의료급여를 입원 또는 외래에서 받은 경우 본인부담률은 1종수급권자는 5%이며, 2종수급권자는 15%입니다.\n\n※관련근거:「의료급여법 시행령[별표1] 제1호라목, 제2호마목\n\n##### Q50\n\n## 65세 이상 치과 임플란트 진료 시 본인부담률은 어떻게 되나요?\n\n65세 이상 수급권자가 등록된 임플란트에 대한 의료급여를 입원 또는 외래에서 받은 경우 본인부담률은 1종수급권자는 10%, 2종수급권자는 20%입니다.\n\n※관련근거:「의료급여법 시행령[별표1] 제1호마목, 제2호바목\n\n<div style=""text-align: center;""><img src=""https://pplines-online.bj.bcebos.com/deploy/official/paddleocr/pp-ocr-vl-15//408c8f46-7efb-4a37-8b05-80baad1d3bf4/markdown_1/imgs/img_in_image_box_71_580_134_614.jpg?authorization=bce-auth-v1%2FALTAKzReLNvew3ySINYJ0fuAMN%2F2026-04-16T21%3A18%3A11Z%2F-1%2F%2F04f2d69bcf49e04cfa98933d3b601a63af8c0e18510f51ae5bbc2f2c838b4eec"" alt=""Image"" width=""7%"" /></div>\n\n\n##### 의료급여수급권자의 입원 식대 본인부담률은 얼마인가요?\n\n식대 본인부담률은 식대 금액의 20%입니다. 다만, 중증질환자에게 해당 중증질환(합병증 포함)으로 진료한 경우에는 식대 금액의 5%이며 행려환자, 자연분만 및 6세미만의 아동의 입원진료의 경우에는 식대 본인부담금을 면제합니다.\n\n※관련근거:「의료급여법 시행규칙」[별표1의2],「의료급여수가의 기준 및 일반기준]제23조\n\n##### Q52\n\n#### 의료급여 2종수급권자 중 15세 이하 아동이 입원한 경우, 본인부담 적용은 어떻게 되나요?\n\nA\n\n6세 미만의 아동은 식대를 포함한 입원 진료비가 면제 적용됩니다.', '※관련근거:「의료급여법 시행령][별표1] 제1호라목, 제2호마목\n\n#### Q 49\n\n## 65세 이상 치과 임플란트 진료 시 본인부담률은 어떻게 되나요?\n\n65세 이상 수급권자가 등록된 임플란트에 대한 의료급여를 입원 또는 외래에서 받은 경우 본인부담률은 1종수급권자는 10%, 2종수급권자는 20%입니다.\n\n※관련근거:「의료급여법 시행령][별표1] 제1호마목, 제2호바목\n\n<div style=""text-align: center;""><img src=""https://pplines-online.bj.bcebos.com/deploy/official/paddleocr/pp-ocr-vl-15//8a29db69-623b-41e1-9aab-5e9f60d0cdd6/markdown_1/imgs/img_in_image_box_75_582_121_612.jpg?authorization=bce-auth-v1%2FALTAKzReLNvew3ySINYJ0fuAMN%2F2026-04-16T21%3A20%3A27Z%2F-1%2F%2F60884fbca84f199d968e9696f16ebdbd896e6f815e265f7dc19bbebaf701adec"" alt=""Image"" width=""5%"" /></div>\n\n\n##### 의료급여수급권자의 입원 식대 본인부담률은 얼마인가요?\n\n식대 본인부담률은 식대 금액의 20%입니다. 다만, 중증질환자에게 해당 중증질환(합병증 포함)으로 진료한 경우에는 식대 금액의 5%이며 행려환자, 자연분만 및 6세미만의 아동의 입원진료의 경우에는 식대 본인부담금을 면제합니다.\n\n※관련근거:「의료급여법 시행규칙[별표1의2],「의료급여수가의 기준 및 일반기준,제23조\n\n## 051\n\n#### 의료급여 2종수급권자 중 15세 이하 아동이 입원한 경우, 본인부담 적용은 어떻게 되나요?\n\nA\n\n6세 미만의 아동은 식대를 포함한 입원 진료비가 면제 적용됩니다.\n\n6세 이상 15세 이하 아동인 경우는 입원 본인부담률이 3%이나, 식대 본인부담률은 20%를 적용받습니다.\n\n※관련근거:「의료급여법 시행령」[별표1] 제2호\n\n##### Q52\n\n#### 의료급여 2종수급권자인 18세 이하 아동이 입원진료 중에 치아홈메우기 진료를 시행한 경우, 본인부담 적용은 어떻게 되나요?\n\n치아홈메우기 급여비용을 포함한 전체 급여비용에 대하여 6세 미만 아동은  면제가 되고, 6세 이상 15세 이하 아동은 본인부담률 3%를 적용받습니다. 16세 이상 18세 이하 아동인 경우에는 치아홈메우기 급여비용에 한하여 본인부담률 5%를 적용받습니다.\n\n※관련근거:「의료급여법 시행령」[별표1] 제2호\n\n##### Q53\n\n##### 본인부담금 보상제 및 상한제는 모든 급여대상 본인부담금 기준으로 보상을 하나요?']","['의료급여 2종수급권자 15세 이하 아동 입원 본인부담률(2026년): 6세 미만 - 무료, 6세 이상~15세 이하 - 3%, 16세 이상~18세 이하 - 5%']","2026년 2종 수급권자인 12세 아동이 병원(제2차 의료급여기관)에 입원할 경우, 본인부담률은 다음과 같이 적용됩니다.

12세 아동은 6세 이상 15세 이하에 해당하므로, 입원 본인부담률은 3%입니다. 또한, 식대 본인부담률은 20%가 적용됩니다. 따라서, 12세 아동의 경우 입원 진료비에 대해 3%의 본인부담이 있으며, 식대에 대해서는 20%의 본인부담이 발생합니다.

이 정보는 2026년의 규정에 기반하여 제공되었습니다.",2026년 의료급여 2종 수급권자인 12세 아동이 병원(제2차의료급여기관)에 입원할 때 본인부담률은 3%입니다.,1.0,,0.5555555555555556,0.5648914226413415,
2026년 2종 수급권자가 디스크·협착증 외 질환으로 복잡추나를 받을 때 본인부담률은?,"['##### Q56\n\n#### 의료급여수급권자의 경우 경증질환으로 상급종합병원과 종합병원 외래진료 시 약국 약값 외에 병원 진료비에 대한 본인부담금도 달라지나요?\n\nA 상급종합병원과 종합병원 외래 진료 시 본인부담금은 현행과 같이 1종은 1,500~2,000원, 2종은 총 진료비의 15%로 경증질환 약국 약값과는 다릅니다.\n\n##### Q57\n\n#### 일반 환자가 복합질병(경증질환+그 외 다른 질환)으로 상급종합병원과 종합병원 외래에서 진료 후 약국에서 내야하는 약값은 얼마인가요?\n\n동일의사에게 진료 받은 경우 경증질환이 주된 상병이고 일반질병이 부수적인 상병일 경우에 한하여 약제비용의 3%를 환자가 내야합니다. 그러나 서로 다른 진료과에서 각각의 질병에 대해 진료를 받은 경우에는 아래 예시와 같이 일반질병은 처방전 1매당 500원, 경증질환은 약국 약값 전체 금액의 3%를 합한 금액을 부담하면 됩니다.\n\n※ 약국 의료급여비용총액의 3%가 500원 미만일 경우에는 500원 부담\n\n※ <예시> 결막염(경증 질병)과 급성세기관지염(일반 질병)으로 상급종합병원 또는 종합병원 외래진료 후 처방전을 발급 받아 약국에서 조제 받는 경우 환자가 내야하는 약값\n\n\n\n<table border=1 style=\'margin: auto; word-wrap: break-word;\'><tr><td rowspan=""2"">구분</td><td colspan=""2"">동일의사에게 진료 받은 경우</td><td colspan=""2"">진료과가 다른 경우</td></tr><tr><td style=\'text-align: center; word-wrap: break-word;\'>일반 질병(주상병) 경증 질병(부상병)</td><td style=\'text-align: center; word-wrap: break-word;\'>경증 질병(주상병) 일반 질병(부상병)</td><td style=\'text-align: center; word-wrap: break-word;\'>경증 질병</td><td style=\'text-align: center; word-wrap: break-word;\'>일반 질병</td></tr><tr><td style=\'text-align: center; word-wrap: break-word;\'>본인부담</td><td style=\'text-align: center; word-wrap: break-word;\'>500원</td><td style=\'text-align: center; word-wrap: break-word;\'>약제비용 총액의 3%\n※ 500원 미만 시 500원</td><td colspan=""2"">500원</td></tr></table>\n\n##### Q58\n\n#### 경증질환으로 약제비 본인부담률을 3% 적용하였으나, 추후 다른 질병으로 확진된 경우 본인부담금에 대한 환급이 가능한가요?\n\n추후 다른 질병으로 확진되더라도 이전에 이루어진 약국 약제비 본인부담 차등적용은 소급적용하지 않으므로, 본인부담금은 환급 처리되지 않습니다.\n\n##### Q59', '## 4인체면역결핍바이러스질환자 관련 진료 본인부담률\n\n0 인체면역결핍바이러스질환자의 해당상병 입원 및 외래진료 : 본인부담 면제\n\n##### 입원 식대 본인부담률\n\n\n\n<table border=1 style=\'margin: auto; word-wrap: break-word;\'><tr><td style=\'text-align: center; word-wrap: break-word;\'>구분</td><td style=\'text-align: center; word-wrap: break-word;\'>본인부담률</td></tr><tr><td style=\'text-align: center; word-wrap: break-word;\'>1종·2종</td><td rowspan=""2"">20%</td></tr><tr><td style=\'text-align: center; word-wrap: break-word;\'>2종장애인</td></tr><tr><td style=\'text-align: center; word-wrap: break-word;\'>중증질환(합병증 포함)</td><td style=\'text-align: center; word-wrap: break-word;\'>5%</td></tr><tr><td style=\'text-align: center; word-wrap: break-word;\'>행려환자, 자연분만, 6세 미만 아동</td><td style=\'text-align: center; word-wrap: break-word;\'>무 료</td></tr></table>\n\n## 62,3인실 입원료 본인부담률', '### Q 47\n\n#### 계약의사가 사회복지시설에 입소 중인 의료급여수급권자에게 진료를 한 경우 산정되는 수가와 본인부담금은 어떻게 되나요?\n\n의료급여기관에 소속된 계약의사가 시설 내에서 진료 후 사회복지시설 입소자에게 원외처방전을 발행하거나 원내 직접조제 · 투약한 경우 건강보험과 동일한 수가를 산정하며, 본인일부부담금은 1 · 2종 수급권자를 불문하고 1,000원~1,500원을 부담합니다. 단, 1종수급권자 중 외래본인부담면제자의 경우 본인부담금을 면제합니다.\n\n※관련근거:「의료급여수가의 기준 및 일반기준제17조의5\n\n##### Q48\n\n##### 의료급여 선별급여 본인부담은 건강보험 선별급여 본인부담과 다른가요?\n\n건강보험과 동일한 30~90% 본인부담률을 적용받습니다.\n\n※관련근거：「의료급여수가의 기준 및 일반기준,제23조의2\n\n### Q 49\n\n## 65세 이상 틀니 진료 시 본인부담률은 어떻게 되나요?\n\n65세 이상 수급권자가 등록된 틀니에 대한 의료급여를 입원 또는 외래에서 받은 경우 본인부담률은 1종수급권자는 5%이며, 2종수급권자는 15%입니다.\n\n※관련근거:「의료급여법 시행령[별표1] 제1호라목, 제2호마목\n\n##### Q50\n\n## 65세 이상 치과 임플란트 진료 시 본인부담률은 어떻게 되나요?\n\n65세 이상 수급권자가 등록된 임플란트에 대한 의료급여를 입원 또는 외래에서 받은 경우 본인부담률은 1종수급권자는 10%, 2종수급권자는 20%입니다.\n\n※관련근거:「의료급여법 시행령[별표1] 제1호마목, 제2호바목\n\n<div style=""text-align: center;""><img src=""https://pplines-online.bj.bcebos.com/deploy/official/paddleocr/pp-ocr-vl-15//408c8f46-7efb-4a37-8b05-80baad1d3bf4/markdown_1/imgs/img_in_image_box_71_580_134_614.jpg?authorization=bce-auth-v1%2FALTAKzReLNvew3ySINYJ0fuAMN%2F2026-04-16T21%3A18%3A11Z%2F-1%2F%2F04f2d69bcf49e04cfa98933d3b601a63af8c0e18510f51ae5bbc2f2c838b4eec"" alt=""Image"" width=""7%"" /></div>\n\n\n##### 의료급여수급권자의 입원 식대 본인부담률은 얼마인가요?\n\n식대 본인부담률은 식대 금액의 20%입니다. 다만, 중증질환자에게 해당 중증질환(합병증 포함)으로 진료한 경우에는 식대 금액의 5%이며 행려환자, 자연분만 및 6세미만의 아동의 입원진료의 경우에는 식대 본인부담금을 면제합니다.\n\n※관련근거:「의료급여법 시행규칙」[별표1의2],「의료급여수가의 기준 및 일반기준]제23조\n\n##### Q52\n\n#### 의료급여 2종수급권자 중 15세 이하 아동이 입원한 경우, 본인부담 적용은 어떻게 되나요?\n\nA\n\n6세 미만의 아동은 식대를 포함한 입원 진료비가 면제 적용됩니다.']","['추나요법 본인부담률(2026년): 복잡추나 - 디스크·협착증: 1종 30%, 2종 40% / 디스크·협착증 외: 1종 80%, 2종 80% / 단순추나·특수추나: 1종 30%, 2종 40%']",정보를 찾을 수 없습니다.,2026년 의료급여 2종 수급권자가 디스크·협착증 외 질환으로 복잡추나를 받을 때 본인부담률은 80%입니다.,0.0,,0.0,,0.04331639003270775
2026년 2종 수급권자가 조현병으로 병원급 이상에서 외래 진료를 받을 때 본인부담률은?,"[""A 제도의 기본원칙과 적용대상 질환은 동일하나 본인부담률 및 적용제외 대상에서 차이가 있습니다.\n\n\n\n<table border=1 style='margin: auto; word-wrap: break-word;'><tr><td style='text-align: center; word-wrap: break-word;'>구분</td><td style='text-align: center; word-wrap: break-word;'>건강보험</td><td style='text-align: center; word-wrap: break-word;'>의료급여</td></tr><tr><td style='text-align: center; word-wrap: break-word;'>적용질환</td><td style='text-align: center; word-wrap: break-word;'>「본인일부부담금 산정특례에 관한기준」[별표6]에 따른 질환</td><td style='text-align: center; word-wrap: break-word;'>좌동</td></tr><tr><td style='text-align: center; word-wrap: break-word;'>본인부담률</td><td style='text-align: center; word-wrap: break-word;'>• 상급종합병원: 약국 요양급여비용총액의 50%• 종합병원: 약국 요양급여비용총액의 40%</td><td style='text-align: center; word-wrap: break-word;'>• 상급종합병원, 종합병원: 약국 의료급여비용총액의 3%*본인부담금이 500원 미만일 경우 500원**건강생활유지비에서 차감 가능</td></tr><tr><td style='text-align: center; word-wrap: break-word;'>적용제외대상</td><td style='text-align: center; word-wrap: break-word;'>• 음·면 지역 소재 종합병원의 의사가 발행한처방전에 따라 의약품을 조제 받은 경우• 보훈병원의 의사나 국가보훈부장관이 진료를위탁한 상급종합병원 또는 종합병원의 의사가 해당 법률에서 정한 의료지원대상자에게 발행한처방전에 따라 의약품을조제 받은 경우</td><td style='text-align: center; word-wrap: break-word;'>• 건강보험 적용제외 대상(좌동)• 의료급여 본인부담 면제자• 종합병원급 이상 기관을 선택의료급여기관으로 지정하고 해당 병원에서처방받는 경우</td></tr></table>\n\n### 0.55\n\n#### 의료급여수급권자의 경우 경증질환으로 상급종합병원과 종합병원 외래진료 시 약국 약값 외에 병원 진료비에 대한 본인부담금도 달라지나요?\n\nA 상급종합병원과 종합병원 외래 진료 시 본인부담금은 현행과 같이 1종은 1,500~2,000원, 2종은 총\n\n진료비의 15%로 경증질환 약국 약값과는 다릅니다.\n\n##### Q56"", ""##### 의료급여 경증질환 약제비 본인부담 차등제도는 건강보험과 동일한가요?\n\n제도의 기본원칙과 적용대상 질환은 동일하나 본인부담률 및 적용제외 대상에서 차이가 있습니다.\n\n\n\n<table border=1 style='margin: auto; word-wrap: break-word;'><tr><td style='text-align: center; word-wrap: break-word;'>구분</td><td style='text-align: center; word-wrap: break-word;'>건강보험</td><td style='text-align: center; word-wrap: break-word;'>의료급여</td></tr><tr><td style='text-align: center; word-wrap: break-word;'>적용질환</td><td style='text-align: center; word-wrap: break-word;'>「본인일부부담금 산정특례에 관한기준」별표6|에 따른 질환</td><td style='text-align: center; word-wrap: break-word;'>좌동</td></tr><tr><td style='text-align: center; word-wrap: break-word;'>본인부담률</td><td style='text-align: center; word-wrap: break-word;'>• 상급종합병원: 약국 요양급여비용총액의 50%• 종합병원: 약국 요양급여비용총액의 40%</td><td style='text-align: center; word-wrap: break-word;'>• 상급종합병원, 종합병원: 약국 의료급여비용총액의 3%*본인부담금이 500원 미만일 경우 500원**건강생활유지비에서 차감 가능</td></tr><tr><td style='text-align: center; word-wrap: break-word;'>적용제의대상</td><td style='text-align: center; word-wrap: break-word;'>• 음·면 지역 소재 종합병원의 의사가 발행한 처방전에 따라 의약품을 조제 받은 경우• 보훈병원의 의사나 국가보훈부장관이 진료를 위탁한 상급종합병원 또는 종합병원의 의사가 해당 법률에서 정한 의료지원대상자에게 발행한 처방전에 따라 의약품을 조제 받은 경우</td><td style='text-align: center; word-wrap: break-word;'>• 건강보험 적용제외 대상(좌동)• 의료급여 본인부담 면제자• 종합병원급 이상 기관을 선택의료급여 기관으로 지정하고 해당 병원에서 처방받는 경우</td></tr></table>\n\n##### Q56\n\n#### 의료급여수급권자의 경우 경증질환으로 상급종합병원과 종합병원 외래진료 시 약국 약값 외에 병원 진료비에 대한 본인부담금도 달라지나요?"", '※ 경증질환 약국 약제비 본인부담률 3% 적용\n\n※ 비급여는 전액본인부담,선별급여는 항목별로 30~90% 본인부담\n\n※ 요양병원 입원환자가 의료급여의뢰서 없이 다른 의료급여기관 이용 시 진료비 전액 본인부담\n\n※연장승인(선택의료급여기관) 미신청자(불승인자) 본인부담률 입원 20%, 외래 및 약국 30%\n\n<div style=""text-align: center;""><img src=""https://pplines-online.bj.bcebos.com/deploy/official/paddleocr/pp-ocr-vl-15//d47e86e4-33bc-41c5-bc7c-d42187fb78b4/markdown_3/imgs/img_in_image_box_68_624_112_660.jpg?authorization=bce-auth-v1%2FALTAKzReLNvew3ySINYJ0fuAMN%2F2026-04-16T21%3A20%3A31Z%2F-1%2F%2F8f533eb1d96a365a2e52f22c7d7baf19ad36e9bc7f177af3247c0858ac19fd7e"" alt=""Image"" width=""5%"" /></div>\n\n\n##### 본인부담금 면제자']","['정신질환 외래진료 본인부담률(2026년): 조현병 - 병원급 이상 5% / 조현병 외 정신질환 - 병원급 이상 10% / 장기지속형 주사제(1·2종 모두 해당, 외래본인부담면제자 제외) - 2%']","2026년의 정보에 따르면, 2종 수급권자가 조현병으로 병원급 이상에서 외래 진료를 받을 경우 본인부담률은 30%입니다. 이는 경증질환 약국 약제비에 대해 3%가 적용되는 것과는 다르게, 외래 진료비에 대한 본인부담률이 별도로 설정되어 있기 때문입니다. 

따라서, 2종 수급권자가 조현병으로 외래 진료를 받을 때는 총 진료비의 30%를 본인이 부담해야 합니다.",2026년 의료급여 2종 수급권자가 조현병으로 병원급 이상에서 외래 진료를 받을 때 본인부담률은 5%입니다.,0.0,0.0,0.5,,
2026년 2종 수급권자인 치매 환자가 상급종합병원(제3차의료급여기관)에서 외래 MRI를 받을 때 본인부담률은?,"[""A 제도의 기본원칙과 적용대상 질환은 동일하나 본인부담률 및 적용제외 대상에서 차이가 있습니다.\n\n\n\n<table border=1 style='margin: auto; word-wrap: break-word;'><tr><td style='text-align: center; word-wrap: break-word;'>구분</td><td style='text-align: center; word-wrap: break-word;'>건강보험</td><td style='text-align: center; word-wrap: break-word;'>의료급여</td></tr><tr><td style='text-align: center; word-wrap: break-word;'>적용질환</td><td style='text-align: center; word-wrap: break-word;'>「본인일부부담금 산정특례에 관한기준」[별표6]에 따른 질환</td><td style='text-align: center; word-wrap: break-word;'>좌동</td></tr><tr><td style='text-align: center; word-wrap: break-word;'>본인부담률</td><td style='text-align: center; word-wrap: break-word;'>• 상급종합병원: 약국 요양급여비용총액의 50%• 종합병원: 약국 요양급여비용총액의 40%</td><td style='text-align: center; word-wrap: break-word;'>• 상급종합병원, 종합병원: 약국 의료급여비용총액의 3%*본인부담금이 500원 미만일 경우 500원**건강생활유지비에서 차감 가능</td></tr><tr><td style='text-align: center; word-wrap: break-word;'>적용제외대상</td><td style='text-align: center; word-wrap: break-word;'>• 음·면 지역 소재 종합병원의 의사가 발행한처방전에 따라 의약품을 조제 받은 경우• 보훈병원의 의사나 국가보훈부장관이 진료를위탁한 상급종합병원 또는 종합병원의 의사가 해당 법률에서 정한 의료지원대상자에게 발행한처방전에 따라 의약품을조제 받은 경우</td><td style='text-align: center; word-wrap: break-word;'>• 건강보험 적용제외 대상(좌동)• 의료급여 본인부담 면제자• 종합병원급 이상 기관을 선택의료급여기관으로 지정하고 해당 병원에서처방받는 경우</td></tr></table>\n\n### 0.55\n\n#### 의료급여수급권자의 경우 경증질환으로 상급종합병원과 종합병원 외래진료 시 약국 약값 외에 병원 진료비에 대한 본인부담금도 달라지나요?\n\nA 상급종합병원과 종합병원 외래 진료 시 본인부담금은 현행과 같이 1종은 1,500~2,000원, 2종은 총\n\n진료비의 15%로 경증질환 약국 약값과는 다릅니다.\n\n##### Q56"", ""##### 의료급여 경증질환 약제비 본인부담 차등제도는 건강보험과 동일한가요?\n\n제도의 기본원칙과 적용대상 질환은 동일하나 본인부담률 및 적용제외 대상에서 차이가 있습니다.\n\n\n\n<table border=1 style='margin: auto; word-wrap: break-word;'><tr><td style='text-align: center; word-wrap: break-word;'>구분</td><td style='text-align: center; word-wrap: break-word;'>건강보험</td><td style='text-align: center; word-wrap: break-word;'>의료급여</td></tr><tr><td style='text-align: center; word-wrap: break-word;'>적용질환</td><td style='text-align: center; word-wrap: break-word;'>「본인일부부담금 산정특례에 관한기준」별표6|에 따른 질환</td><td style='text-align: center; word-wrap: break-word;'>좌동</td></tr><tr><td style='text-align: center; word-wrap: break-word;'>본인부담률</td><td style='text-align: center; word-wrap: break-word;'>• 상급종합병원: 약국 요양급여비용총액의 50%• 종합병원: 약국 요양급여비용총액의 40%</td><td style='text-align: center; word-wrap: break-word;'>• 상급종합병원, 종합병원: 약국 의료급여비용총액의 3%*본인부담금이 500원 미만일 경우 500원**건강생활유지비에서 차감 가능</td></tr><tr><td style='text-align: center; word-wrap: break-word;'>적용제의대상</td><td style='text-align: center; word-wrap: break-word;'>• 음·면 지역 소재 종합병원의 의사가 발행한 처방전에 따라 의약품을 조제 받은 경우• 보훈병원의 의사나 국가보훈부장관이 진료를 위탁한 상급종합병원 또는 종합병원의 의사가 해당 법률에서 정한 의료지원대상자에게 발행한 처방전에 따라 의약품을 조제 받은 경우</td><td style='text-align: center; word-wrap: break-word;'>• 건강보험 적용제외 대상(좌동)• 의료급여 본인부담 면제자• 종합병원급 이상 기관을 선택의료급여 기관으로 지정하고 해당 병원에서 처방받는 경우</td></tr></table>\n\n##### Q56\n\n#### 의료급여수급권자의 경우 경증질환으로 상급종합병원과 종합병원 외래진료 시 약국 약값 외에 병원 진료비에 대한 본인부담금도 달라지나요?"", ""·의뢰받은 제1차의료급여기관→제1차의료급여기관\n\n·의뢰받은 제2차의료급여기관→제1차 또는 제2차의료급여기관\n\n·의뢰받은 제3차의료급여기관→제1차~제3차의료급여기관\n\n##### ○ 선택의료급여기관 단계별 진료 예외사항\n\n\n\n<table border=1 style='margin: auto; word-wrap: break-word;'><tr><td style='text-align: center; word-wrap: break-word;'>구분</td><td style='text-align: center; word-wrap: break-word;'>예외사항</td></tr><tr><td style='text-align: center; word-wrap: break-word;'>선택의료급여기관 이외의 의료급여기관에 의료급여 신청 가능</td><td style='text-align: center; word-wrap: break-word;'>•응급환자 •장애인 보조기기를 지급받는 경우 •보건기관(보건의료원 제외)에서 외래진료 및 보건기관 처방에 의한 약국 이용</td></tr></table>\n\n##### 의료급여 본인일부부담금\n\n##### 의료급여기관 이용 시 본인부담률 및 부담액""]","['의료급여기관 이용 시 본인부담률 및 부담액(2026년): 2종 외래 CT·MRI·PET 등 = 15%', '치매질환 입원 및 병원급 이상 외래진료(2026년): 본인부담률 5% (CT·MRI·PET 등 특수검사는 별도 15% 적용)']","2026년의 정보에 따르면, 의료급여수급권자의 경우 상급종합병원에서 외래 진료를 받을 때 본인부담금은 경증질환에 대해 1종은 1,500~2,000원, 2종은 총 진료비의 15%로 설정되어 있습니다. 따라서, 2종 수급권자인 치매 환자가 상급종합병원에서 외래 MRI를 받을 경우, 본인부담률은 총 진료비의 15%가 됩니다.

이 정보는 2026년의 컨텍스트에서 제공된 내용을 바탕으로 하였으며, 경증질환에 대한 본인부담금이 어떻게 설정되는지를 명확히 설명하고 있습니다.",2026년 의료급여 2종 수급권자인 치매 환자가 상급종합병원(제3차의료급여기관)에서 외래 MRI를 받을 때 본인부담률은 15%입니다.,1.0,0.9999999999,0.42857142857142855,,0.5266170828565488
2026년 의료급여 상한일수 초과로 선택의료급여기관 연장을 신청하지 않은 경우 입원 본인부담률은?,"['선택의료급여기관에서 의뢰된 수급권자는 동일 종별(제2차의료급여기관에서 다른 제2차의료급여기관)로 재의뢰는 할 수 없습니다. 따라서 위와 같은 경우에 다른 제2차의료급여기관의 진료가 필요하다면 선택의료급여기관에서 의료급여의뢰서를 재발급 받아 입원 예정인 제2차의료급여기관에 제출하여야 합니다.\n\n※관련근거:「선택의료급여기관 적용 대상자 및 이용절차 등에 관한 규정 제6조제2항제2호\n\n##### Q26\n\n### 희귀질환 산정특례 대상으로 등록되어 있으면서 제1차의료급여기관이 선택기관 으로 지정된 의료급여수급자인 경우, 의료급여의회서 없이 제2차 또는 제3차의료급여기관에서 의료급여가 적용되나요?\n\n산정특례등록환자라도 제1차의료급여기관을 선택기관으로 지정되어 있는 경우는 선택기관의 의료급여의뢰서를 제출하여야만 제2차의료급여기관에서 진료가 가능하며, 제2차의료급여기관을 거쳐 제3차의료급여기관에서도 진료가 가능합니다.\n\n※관련근거:「선택의료급여기관 적용대상자 및 이용절차 등에 관한 규정,제9조\n\n<div style=""text-align: center;""><img src=""https://pplines-online.bj.bcebos.com/deploy/official/paddleocr/pp-ocr-vl-15//55a07795-1a89-41ed-be78-9ef17bad3f46/markdown_4/imgs/img_in_image_box_74_421_134_453.jpg?authorization=bce-auth-v1%2FALTAKzReLNvew3ySINYJ0fuAMN%2F2026-04-16T21%3A17%3A19Z%2F-1%2F%2F1cf74099a89bcd231ecb4b51eb2577829c070f1ea9eeee5a37941c4944323e62"" alt=""Image"" width=""7%"" /></div>\n\n\n### 제1차의료급여기관이 선택의료급여기관으로 지정된 1종수급권자입니다. 선택의료급여기관에서 진료할 수 없는 질환에 대하여 의료급여의뢰서를 발급받아 다른 병의원에서 진료를 받을 경우 본인부담금은 어떻게 되나요?\n\n선택의료급여기관으로 지정된 제1차의료급여기관에서 진료 받을 경우는 본인부담금이 면제되지만,\n\n의뢰 또는 재의뢰되어 진료 받는 기관에서는 본인부담금이 발생됩니다. (1,000원~2,000원)\n\n※관련근거：「의료급여법 시행령」별표1\n\n##### Q28\n\n### 선택의료급여기관에서 의뢰되어 제2차 또는 제3차의료급여기관에서 진료를 받던 중 선택의료급여기관이 변경되었습니다. 이 경우 변경된 선택의료급여기관으로부터 의뢰서를 다시 발급받아야 하나요?\n\n선택의료급여기관으로부터 의뢰받아 계속하여 진료 중 다른 선택의료급여기관으로 변경된 경우, 동일상병에 대하여 해당진료가 종료될 때까지는 변경된 선택의료급여기관의 의료급여의뢰서 추가 제출 없이 해당 제2 · 3차의료급여기관의 진료를 받을 수 있습니다. 다만, 다른 상병으로 진료를 받을 경우에는 변경된 선택의료급여기관의 진료담당의사의 진료의견이 기재된 의료급여의뢰서를 제출하여야 합니다.', '※관련근거:「선택의료급여기관 적용 대상자 및 이용절차 등에 관한 규정,제6조제2항제2호\n\n##### Q26\n\n### 희귀질환 산정특례 대상으로 등록되어 있으면서 제1차의료급여기관이 선택기관으로 지정된 의료급여수급자인 경우, 의료급여의뢰서 없이 제2차 또는 제3차의료급여기관에서 의료급여가 적용되나요?\n\n산정특례등록환자라도 제1차의료급여기관이 선택기관으로 지정되어 있는 경우는 의료급여 일반적 절차가 아닌 별도의 선택의료급여기관 적용대상자의 절차 규정을 따르게 되므로, 선택기관의 의료급여의뢰서를 제출하여야만 제2차의료급여기관에서 진료가 가능하며 제2차의료급여기관을 거쳐 제3차의료급여기관에서도 진료가 가능합니다.\n\n※관련근거:「선택의료급여기관 적용대상자 및 이용절차 등에 관한 규정,제9조\n\n##### Q27\n\n제1차의료급여기관이 선택의료급여기관으로 지정된 1종수급권자입니다.\n\n선택의료급여기관에서 진료할 수 없는 질환에 대하여 의료급여의뢰서를 발급받아 다른 병의원에서 진료를 받을 경우 본인부담금은 어떻게 되나요?\n\n선택의료급여기관으로 지정된 제1차의료급여기관에서 진료 받을 경우는 본인부담금이 면제되지만,\n\n의뢰 또는 재의뢰되어 진료 받는 기관에서는 본인부담금이 발생됩니다. (1,000원~2,000원)\n\n※관련근거:「의료급여법 시행령 별표1\n\n##### Q28\n\n### 선택의료급여기관에서 의뢰되어 제2차 또는 제3차의료급여기관에서 진료를 받던 중 선택의료급여기관이 변경되었습니다. 이 경우 변경된 선택의료급여기관으로부터 의뢰서를 다시 발급받아야 하나요?\n\n선택의료급여기관으로부터 의뢰받아 계속하여 진료 중 다른 선택의료급여기관으로 변경된 경우, 동일상병에 대하여 해당진료가 종료될 때까지는 변경된 선택의료급여기관의 의료급여의뢰서 추가 제출 없이 해당 제2·3차의료급여기관의 진료를 받을 수 있습니다. 다만, 다른 상병으로 진료를 받을 경우에는 변경된 선택의료급여기관의 진료담당의사의 진료의견이 기재된 의료급여의뢰서를 제출하여야 합니다.\n\n※관련근거: 보건복지부 발간「2026 의료급여사업안내」\n\n04\n\n##### 수가기준 및 청구방법\n\n## 029\n\n#### ‘의료질평가지원금’, ‘전문병원 관리료’, ‘전문병원 의료질평가지원금’ 수가를 건강보험과 동일하게 의료급여수급권자에게 산정할 수 있나요?\n\nA\n\n건강보험 환자와 달리 의료급여수급권자에게는 의료질평가지원금, 전문병원 관리료, 전문병원 의료질평가지원금의 수가를 의료급여비용으로 산정할 수 없습니다.\n\n※관련근거:「의료급여수가의 기준 및 일반기준,제3조제2항\n\n##### Q30\n\n##### 의료급여수급권자에 대한 입원 식대 수가는 건강보험 식대 수가와 동일한가요?\n\n건강보험의 경우는 요양기관 종별에 따라 식대 항목별 단가가 다르나, 의료급여 식대 수가는 종별 구분 없이 항목별(일반식, 치료식 등) 단일 수가 입니다. 또한, 일반식 가산, 치료식 영양관리료 등의 가산수가를 적용하지 않습니다.\n\n※관련근거:「의료급여수가의 기준 및 일반기준,제12조\n\n## 031', '### Q 47\n\n#### 계약의사가 사회복지시설에 입소 중인 의료급여수급권자에게 진료를 한 경우 산정되는 수가와 본인부담금은 어떻게 되나요?\n\n의료급여기관에 소속된 계약의사가 시설 내에서 진료 후 사회복지시설 입소자에게 원외처방전을 발행하거나 원내 직접조제 · 투약한 경우 건강보험과 동일한 수가를 산정하며, 본인일부부담금은 1 · 2종 수급권자를 불문하고 1,000원~1,500원을 부담합니다. 단, 1종수급권자 중 외래본인부담면제자의 경우 본인부담금을 면제합니다.\n\n※관련근거:「의료급여수가의 기준 및 일반기준제17조의5\n\n##### Q48\n\n##### 의료급여 선별급여 본인부담은 건강보험 선별급여 본인부담과 다른가요?\n\n건강보험과 동일한 30~90% 본인부담률을 적용받습니다.\n\n※관련근거：「의료급여수가의 기준 및 일반기준,제23조의2\n\n### Q 49\n\n## 65세 이상 틀니 진료 시 본인부담률은 어떻게 되나요?\n\n65세 이상 수급권자가 등록된 틀니에 대한 의료급여를 입원 또는 외래에서 받은 경우 본인부담률은 1종수급권자는 5%이며, 2종수급권자는 15%입니다.\n\n※관련근거:「의료급여법 시행령[별표1] 제1호라목, 제2호마목\n\n##### Q50\n\n## 65세 이상 치과 임플란트 진료 시 본인부담률은 어떻게 되나요?\n\n65세 이상 수급권자가 등록된 임플란트에 대한 의료급여를 입원 또는 외래에서 받은 경우 본인부담률은 1종수급권자는 10%, 2종수급권자는 20%입니다.\n\n※관련근거:「의료급여법 시행령[별표1] 제1호마목, 제2호바목\n\n<div style=""text-align: center;""><img src=""https://pplines-online.bj.bcebos.com/deploy/official/paddleocr/pp-ocr-vl-15//408c8f46-7efb-4a37-8b05-80baad1d3bf4/markdown_1/imgs/img_in_image_box_71_580_134_614.jpg?authorization=bce-auth-v1%2FALTAKzReLNvew3ySINYJ0fuAMN%2F2026-04-16T21%3A18%3A11Z%2F-1%2F%2F04f2d69bcf49e04cfa98933d3b601a63af8c0e18510f51ae5bbc2f2c838b4eec"" alt=""Image"" width=""7%"" /></div>\n\n\n##### 의료급여수급권자의 입원 식대 본인부담률은 얼마인가요?\n\n식대 본인부담률은 식대 금액의 20%입니다. 다만, 중증질환자에게 해당 중증질환(합병증 포함)으로 진료한 경우에는 식대 금액의 5%이며 행려환자, 자연분만 및 6세미만의 아동의 입원진료의 경우에는 식대 본인부담금을 면제합니다.\n\n※관련근거:「의료급여법 시행규칙」[별표1의2],「의료급여수가의 기준 및 일반기준]제23조\n\n##### Q52\n\n#### 의료급여 2종수급권자 중 15세 이하 아동이 입원한 경우, 본인부담 적용은 어떻게 되나요?\n\nA\n\n6세 미만의 아동은 식대를 포함한 입원 진료비가 면제 적용됩니다.']","['연장승인(선택의료급여기관) 미신청자(불승인자) 본인부담률(2026년): 입원 20%, 외래 및 약국 30%']",정보를 찾을 수 없습니다.,2026년 의료급여 상한일수 초과로 선택의료급여기관 연장을 신청하지 않은 경우 입원 본인부담률은 20%입니다.,0.0,0.0,0.0,0.0,0.054279348295502225
2026년 1종 수급권자가 외래에서 CT 검사를 받을 때 본인부담률은?,"['## 4인체면역결핍바이러스질환자 관련 진료 본인부담률\n\n0 인체면역결핍바이러스질환자의 해당상병 입원 및 외래진료 : 본인부담 면제\n\n##### 입원 식대 본인부담률\n\n\n\n<table border=1 style=\'margin: auto; word-wrap: break-word;\'><tr><td style=\'text-align: center; word-wrap: break-word;\'>구분</td><td style=\'text-align: center; word-wrap: break-word;\'>본인부담률</td></tr><tr><td style=\'text-align: center; word-wrap: break-word;\'>1종·2종</td><td rowspan=""2"">20%</td></tr><tr><td style=\'text-align: center; word-wrap: break-word;\'>2종장애인</td></tr><tr><td style=\'text-align: center; word-wrap: break-word;\'>중증질환(합병증 포함)</td><td style=\'text-align: center; word-wrap: break-word;\'>5%</td></tr><tr><td style=\'text-align: center; word-wrap: break-word;\'>행려환자, 자연분만, 6세 미만 아동</td><td style=\'text-align: center; word-wrap: break-word;\'>무 료</td></tr></table>\n\n## 62,3인실 입원료 본인부담률', ""## 62,3인실 입원료 본인부담률\n\n\n\n<table border=1 style='margin: auto; word-wrap: break-word;'><tr><td style='text-align: center; word-wrap: break-word;'>구분</td><td style='text-align: center; word-wrap: break-word;'>2인실</td><td style='text-align: center; word-wrap: break-word;'>3인실</td></tr><tr><td style='text-align: center; word-wrap: break-word;'>상급종합병원</td><td style='text-align: center; word-wrap: break-word;'>50%</td><td style='text-align: center; word-wrap: break-word;'>40%</td></tr><tr><td style='text-align: center; word-wrap: break-word;'>종합병원·한방병원·정신병원·병원(치과·요양병원* 제외)*의료재활시설은 포함(&#x27;19.11.1.부터)</td><td style='text-align: center; word-wrap: break-word;'>40%</td><td style='text-align: center; word-wrap: break-word;'>30%</td></tr></table>\n\n※본인부담 보상제·상한제 해당되지 않음,2종장애인의 경우 장애인의료비 지원 없음\n\n## 65세 이상 등록된 들니 및 치과 임플란트 본인부담률\n\n\n\n<table border=1 style='margin: auto; word-wrap: break-word;'><tr><td style='text-align: center; word-wrap: break-word;'>구분</td><td style='text-align: center; word-wrap: break-word;'>틀니</td><td style='text-align: center; word-wrap: break-word;'>임플란트</td></tr><tr><td style='text-align: center; word-wrap: break-word;'>1종</td><td style='text-align: center; word-wrap: break-word;'>5%</td><td style='text-align: center; word-wrap: break-word;'>10%</td></tr><tr><td style='text-align: center; word-wrap: break-word;'>2종</td><td style='text-align: center; word-wrap: break-word;'>15%</td><td style='text-align: center; word-wrap: break-word;'>20%</td></tr></table>""]","['의료급여기관 이용 시 본인부담률 및 부담액(2026년): 1종 외래 CT·MRI·PET 등 = 5%', '의료급여기관 이용 시 본인부담률 및 부담액(2025년): 1종 외래 CT·MRI·PET 등 = 500원 (2026년부터 정액에서 정률로 변경)']",정보를 찾을 수 없습니다. 2026년의 컨텍스트에는 CT 검사에 대한 본인부담률 정보가 포함되어 있지 않습니다.,2026년 의료급여 1종 수급권자가 외래에서 CT 검사를 받을 때 본인부담률은 5%입니다.,0.0,0.0,0.0,0.0,0.15549829513328778
2026년 정신질환 외래 진료 시 항정신병 장기지속형 주사제의 본인부담률은?,"['## 4인체면역결핍바이러스질환자 관련 진료 본인부담률\n\n0 인체면역결핍바이러스질환자의 해당상병 입원 및 외래진료 : 본인부담 면제\n\n##### 입원 식대 본인부담률\n\n\n\n<table border=1 style=\'margin: auto; word-wrap: break-word;\'><tr><td style=\'text-align: center; word-wrap: break-word;\'>구분</td><td style=\'text-align: center; word-wrap: break-word;\'>본인부담률</td></tr><tr><td style=\'text-align: center; word-wrap: break-word;\'>1종·2종</td><td rowspan=""2"">20%</td></tr><tr><td style=\'text-align: center; word-wrap: break-word;\'>2종장애인</td></tr><tr><td style=\'text-align: center; word-wrap: break-word;\'>중증질환(합병증 포함)</td><td style=\'text-align: center; word-wrap: break-word;\'>5%</td></tr><tr><td style=\'text-align: center; word-wrap: break-word;\'>행려환자, 자연분만, 6세 미만 아동</td><td style=\'text-align: center; word-wrap: break-word;\'>무 료</td></tr></table>\n\n## 62,3인실 입원료 본인부담률', '## 4인체면역결핍바이러스질환자 관련 진료 본인부담률\n\n0 인체면역결팀바이러스질환자의 해당상병 입원 및 외래진료:본인부담 면제\n\n<div style=""text-align: center;""><img src=""https://pplines-online.bj.bcebos.com/deploy/official/paddleocr/pp-ocr-vl-15//d47e86e4-33bc-41c5-bc7c-d42187fb78b4/markdown_4/imgs/img_in_image_box_84_337_110_370.jpg?authorization=bce-auth-v1%2FALTAKzReLNvew3ySINYJ0fuAMN%2F2026-04-16T21%3A20%3A32Z%2F-1%2F%2Fcf589b7e9a6d46f04d7173c1686a27211a66499caccdb8360f6e006194368c7a"" alt=""Image"" width=""3%"" /></div>\n\n\n##### 입원 식대 본인부담률\n\n\n\n<table border=1 style=\'margin: auto; word-wrap: break-word;\'><tr><td style=\'text-align: center; word-wrap: break-word;\'>구분</td><td style=\'text-align: center; word-wrap: break-word;\'>본인부담률</td></tr><tr><td style=\'text-align: center; word-wrap: break-word;\'>1·2층</td><td rowspan=""2"">20%</td></tr><tr><td style=\'text-align: center; word-wrap: break-word;\'>2층장애인</td></tr><tr><td style=\'text-align: center; word-wrap: break-word;\'>중증질환(합병증 포함)</td><td style=\'text-align: center; word-wrap: break-word;\'>5%</td></tr><tr><td style=\'text-align: center; word-wrap: break-word;\'>행려환자, 자연분만, 6세 미만 아동</td><td style=\'text-align: center; word-wrap: break-word;\'>무 료</td></tr></table>\n\n## 62,3인실 입원료 본인부담률', ""※ 관련근거 :「노숙인진료시설 지정 등에 관한 고시」고시 제2025-46호\n\n## 3 의료급여 정신과 수가 개선('25.7.1.,10.1.,'26.1.1.시행)\n\n\n\n<table border=1 style='margin: auto; word-wrap: break-word;'><tr><td style='text-align: center; word-wrap: break-word;'>시행일</td><td style='text-align: center; word-wrap: break-word;'>개정 내역</td></tr><tr><td style='text-align: center; word-wrap: break-word;'>&#x27;25.7.1.</td><td style='text-align: center; word-wrap: break-word;'>○ 정신과 폐쇄병동 입원 시 정액수가 12% 가산 적용○ 정신과 입원 정액수가 외 격리보호로 별도 산정 신설※ 관련근거:「의료급여수가의 기준 및 일반기준」고시 제2025-103호</td></tr><tr><td style='text-align: center; word-wrap: break-word;'>&#x27;25.10.1.</td><td style='text-align: center; word-wrap: break-word;'>○ 격리보호료를 정신안정실 관리료로 명칭 변경※ 관련근거:「의료급여수가의 기준 및 일반기준」고시 제2025-171호○ 정신질환 외래 진료 시, 항정신병 장기지속형주사제 본인부담률 5→2% 완화※ 관련근거:「의료급여법 시행령」[별표1]</td></tr><tr><td style='text-align: center; word-wrap: break-word;'>&#x27;26.1.1.</td><td style='text-align: center; word-wrap: break-word;'>○ 정신과 외래 정신요법료 급여기준 건강보험과 동일하게 산정하도록 급여기준 완화○ 정신과 입원 정액수가 병·의원 수가 종별 역전현상 해소○ 정신과 폐쇄병동 입원 시 정액수가 12→16% 가산 인상○ 급성기 정신질환 집중치료실 입원 시 별도 정액수가 신설(25.12.29.시행)※ 관련근거:「의료급여수가의 기준 및 일반기준」고시 제2025-225호</td></tr></table>\n\n## 4 의료급여 외래진료 적정관리를 위한 365회 초과 시 본인부담률 30% 적용 ('26.1.1.시행)\n\n연간 외래 의료급여 받은 횟수 180회, 240회, 300회 초과 및 365회 초과 시 본인부담률 30% 적용 알림\n\n관련근거:「의료급여법 시행규칙」[별표1의2],「의료급여 외래진료 본인부담차등 기준 등에 관한 고시」고시\n\n제2025-248호\n\n## 5 의료급여 초과 본인부담금 환급 산정기간 변경('26.1.1.시행)\n\n본인부담금 일정 금액 초과 시 초과 금액 환급하는 산정기간을 30일→월단위 변경\n\n※ 관련근거:「의료급여법 시행령」제13조제5항\n\n## 6 의료급여 조산아 지원 기간 확대('26.1.1.시행)""]","['정신질환 외래진료 본인부담률(2026년): 장기지속형 주사제(1·2종 모두 해당, 외래본인부담면제자 제외) - 2%', '정신질환 외래 진료 시 항정신병 장기지속형주사제 본인부담률 5%→2% 완화: 2025년 10월 1일부터 시행 (「의료급여법 시행령」[별표1] 개정). 2025년 이전 적용률은 5%였음.']","2026년 정신질환 외래 진료 시 항정신병 장기지속형 주사제의 본인부담률은 2%로 완화되었습니다. 이는 2025년 10월 1일부터 시행된 내용으로, 이전의 본인부담률이 5%에서 2%로 줄어든 것입니다. 이 정보는 ""의료급여법 시행령""에 따른 규정에 기반하고 있습니다.",2026년 정신질환 외래 진료 시 항정신병 장기지속형 주사제의 본인부담률은 2%입니다. (2025년 10월 1일부터 5%에서 2%로 인하 시행),1.0,0.3333333333,0.8,0.35728865847613966,0.9005214294669228
